sample_id,municipality_code,prefecture,municipality_name,layer,population_category,region_block,official_site_url,top_page_url,contact_page_url,service_page_url,hub_page_url,article_page_url,selection_reason,notes
S0001,010006,北海道,北海道,prefecture,unknown,hokkaido,https://www.pref.hokkaido.lg.jp/,https://www.pref.hokkaido.lg.jp/,https://www.pref.hokkaido.lg.jp/site-info/contact.html,https://www.pref.hokkaido.lg.jp/sm/ktk/saigai-bousai.html,https://www.pref.hokkaido.lg.jp/category/d007/,https://www.pref.hokkaido.lg.jp/ss/tkk/hodo/pressrelease/r7/247096.html,prefecture_site,"総務省コード一覧より | [top] 200 OK; [contact] footer お問合せ・相談窓口; [service] gnav 防災情報; [hub] category 防災・くらし; [article] WebSearch 報道発表r8-01"
S0004,040002,宮城県,宮城県,prefecture,unknown,tohoku,https://www.pref.miyagi.jp/,https://www.pref.miyagi.jp/,https://www.pref.miyagi.jp/site/gyoseisabisu/soudan-index.html,https://www.pref.miyagi.jp/life/sub/5/index.html,https://www.pref.miyagi.jp/site/kosodate/index.html,https://www.pref.miyagi.jp/soshiki/densho/tinkon-press2026.html,prefecture_site,"総務省コード一覧より | [top] 200 OK; [contact] 相談窓口; [service] 申請・手続き; [hub] 子育て支援サイト; [article] WebSearch みやぎ鎮魂の日2026"
S0013,130001,東京都,東京都,prefecture,unknown,kanto,https://www.metro.tokyo.lg.jp/,https://www.metro.tokyo.lg.jp/,https://www.metro.tokyo.lg.jp/tosei/iken-sodan/otoiawase/otoiawase/index.html,https://fukushi.metro.tokyo.lg.jp/kodomo/kosodate/teate/zidouteate/,https://www.metro.tokyo.lg.jp/kurashi/,https://www.metro.tokyo.lg.jp/information/press/2026/02/2026021210,prefecture_site,"総務省コード一覧より | [top] 200 OK; [contact] 都政>お問い合わせ; [service] subdomain 児童手当詳細; [hub] gnav くらし; [article] press 2026-02-12"
S0027,270008,大阪府,大阪府,prefecture,unknown,kinki,https://www.pref.osaka.lg.jp/,https://www.pref.osaka.lg.jp/index.html,https://www.pref.osaka.lg.jp/o070050/fumin/occ/index.html,https://www.pref.osaka.lg.jp/kenkoufukushi/kosodate/teate/index.html,https://www.pref.osaka.lg.jp/kenkoufukushi/kosodate/index.html,https://www.pref.osaka.lg.jp/hodo/fumin/o070110/prs_51141.html,prefecture_site,"総務省コード一覧より | [top] 200 OK redirect; [contact] WebSearch 府民お問い合わせ; [service] 子育て>手当; [hub] gnav 子育て; [article] WebSearch 報道発表"
S0047,470007,沖縄県,沖縄県,prefecture,unknown,kyushu_okinawa,https://www.pref.okinawa.jp/,https://www.pref.okinawa.lg.jp/,https://www.pref.okinawa.lg.jp/kensei/kochokoho/1014932/1015136/index.html,https://www.pref.okinawa.lg.jp/kurashikankyo/passport/1005195.html,https://www.pref.okinawa.lg.jp/kurashikankyo/index.html,https://www.pref.okinawa.lg.jp/kensei/gikai/1016839/1037683/1037684.html,prefecture_site,"総務省コード一覧より | [top] 200 OK redirect .jp→.lg.jp; [contact] 県民ご意見箱; [service] パスポート手続き; [hub] くらし・環境; [article] 議会記事"
S0048,011002,北海道,札幌市,municipality,A,hokkaido,https://www.city.sapporo.jp/,https://www.city.sapporo.jp/,https://www.city.sapporo.jp/somu/shiminnokoe/iken/koukai_form.html,https://www.city.sapporo.jp/chuo/info/0202/jidouteate.html,https://www.city.sapporo.jp/kenko/kosodate/index.html,https://www.city.sapporo.jp/museum/oshirase/2025tejisitsunikki.html,designated_city,"政令指定都市 | [top] 200 OK; [contact] WebSearch 市民の声; [service] WebSearch 児童手当(中央区); [hub] gnav 子育て; [article] 博物館お知らせ記事"
S0049,012041,北海道,旭川市,municipality,B,hokkaido,https://www.city.asahikawa.hokkaido.jp/,https://www.city.asahikawa.hokkaido.jp/,https://www.city.asahikawa.hokkaido.jp/1000/index.html,https://www.city.asahikawa.hokkaido.jp/kurashi/218/228/229/p004671.html,https://www.city.asahikawa.hokkaido.jp/kurashi/408/index.html,https://www.city.asahikawa.hokkaido.jp/700/723/735/d083393.html,core_city,"中核市 | [top] 200 OK; [contact] WebSearch 相談・お問い合わせ; [service] WebSearch 児童手当; [hub] 市民活動; [article] WebSearch 令和8年度予算案記者会見2026-02-05"
S0051,012076,北海道,帯広市,municipality,C,hokkaido,https://www.city.obihiro.hokkaido.jp/,https://www.city.obihiro.hokkaido.jp/,https://www.city.obihiro.hokkaido.jp/shisei/gaiyo/soshiki/1006025/index.html,https://www.city.obihiro.hokkaido.jp/kyoiku/kosodate/teate/1017578.html,https://www.city.obihiro.hokkaido.jp/kurashi/gomi/index.html,https://www.city.obihiro.hokkaido.jp/shisei/mayor/kaiken/1017170/1019208.html,population_top,"人口約16万 | [top] 200 OK; [contact] 各課の連絡先; [service] WebSearch 児童手当制度改正; [hub] くらし>ごみ・リサイクル; [article] WebSearch 市長記者会見2026-02-17"
S0084,072036,福島県,郡山市,municipality,B,tohoku,https://www.city.koriyama.lg.jp/,https://www.city.koriyama.lg.jp/,https://www.city.koriyama.lg.jp/life/4/24/,https://www.city.koriyama.lg.jp/site/kosodate/1373.html,https://www.city.koriyama.lg.jp/site/kosodate/,https://www.city.koriyama.lg.jp/soshiki/23/171592.html,core_city,"中核市 | [top] 200 OK; [contact] 相談窓口一覧; [service] WebSearch 児童手当; [hub] 子育てサイト; [article] WebSearch 報道資料2026-02"
S0086,072028,福島県,会津若松市,municipality,C,tohoku,https://www.city.aizuwakamatsu.fukushima.jp/,https://www.city.aizuwakamatsu.fukushima.jp/,https://www.city.aizuwakamatsu.fukushima.jp/docs/2007080601965/,https://www.city.aizuwakamatsu.fukushima.jp/docs/2016111100025/,https://www.city.aizuwakamatsu.fukushima.jp/category/bunya/sougoukeikaku/01kosodate/,https://www.city.aizuwakamatsu.fukushima.jp/docs/2026020300010/,regional_balance,"人口約11万 | [top] 200 OK; [contact] WebSearch 市民の相談窓口一覧; [service] WebSearch 児童手当; [hub] category 子育て; [article] WebSearch 地域づくり委員会2026-02-03"
S0095,141003,神奈川県,横浜市,municipality,A,kanto,https://www.city.yokohama.lg.jp/,https://www.city.yokohama.lg.jp/,https://www.city.yokohama.lg.jp/callcenter/call.html,https://www.city.yokohama.lg.jp/kosodate-kyoiku/oyakokenko/teate/teate/jite-gaiyou.html,https://www.city.yokohama.lg.jp/kosodate-kyoiku/index.html,https://www.city.yokohama.lg.jp/city-info/koho-kocho/press/seya/2025/0204seyairodori.html,designated_city,"政令指定都市 | [top] 200 OK; [contact] WebSearch コールセンター; [service] WebSearch 児童手当概要; [hub] gnav 子育て・教育; [article] WebSearch 記者発表イベント"
S0104,112038,埼玉県,川口市,municipality,B,kanto,https://www.city.kawaguchi.lg.jp/,https://www.city.kawaguchi.lg.jp/,https://www.city.kawaguchi.lg.jp/homepage/4550.html,https://www.city.kawaguchi.lg.jp/soshiki/01080/020/5/2/44350.html,https://www.city.kawaguchi.lg.jp/kurashi_tetsuzuki/gomi_risaikuru/2/index.html,https://www.city.kawaguchi.lg.jp/soshiki/06020/010/17/49662.html,core_city,"中核市 | [top] 200 OK; [contact] WebSearch お問い合わせ先; [service] WebSearch 児童手当; [hub] くらし>ごみ・リサイクル; [article] WebSearch 川口市長選挙投票日2026-02-01"
S0111,131041,東京都,新宿区,municipality,C,kanto,https://www.city.shinjuku.lg.jp/,https://www.city.shinjuku.lg.jp/,https://www.city.shinjuku.lg.jp/kusei/file04_00002.html,https://www.city.shinjuku.lg.jp/kodomo/file03_04_00004.html,https://www.city.shinjuku.lg.jp/kenkou/index.html,https://www.city.shinjuku.lg.jp/whatsnew/pub/2026/0125-01.html,special_ward,"特別区 | [top] 200 OK; [contact] WebSearch しんじゅくコール; [service] WebSearch 児童手当; [hub] gnav 健康・医療・衛生; [article] 新着情報 2026-01-25記事"
S0117,131121,東京都,世田谷区,municipality,C,kanto,https://www.city.setagaya.lg.jp/,https://www.city.setagaya.lg.jp/,https://www.city.setagaya.lg.jp/02002/25858.html,https://www.city.setagaya.lg.jp/mokuji/kodomo/008/002/d00039056.html,https://www.city.setagaya.lg.jp/kodomokyouiku/kosodate/13020.html,https://www.city.setagaya.lg.jp/02006/31154.html,special_ward,"特別区 | [top] 200 OK; [contact] 区へのご意見・問い合わせ; [service] WebSearch 児童手当; [hub] WebSearch 子育て・教育手当; [article] WebSearch 企画総務委員会2026-02-03"
S0118,131130,東京都,渋谷区,municipality,C,kanto,https://www.city.shibuya.tokyo.jp/,https://www.city.shibuya.tokyo.jp/,https://www.city.shibuya.tokyo.jp/kusei/kocho/opinionindex/inquiry.html,https://www.city.shibuya.tokyo.jp/kodomo/kodomo-teate-josei/kodomo-teate/jido_t.html,https://www.city.shibuya.tokyo.jp/kodomo/kodomo-teate-josei/kodomo-teate/,https://www.city.shibuya.tokyo.jp/contents/koho-news/1602/20260215_bousai.html,special_ward,"特別区 | [top] 200 OK; [contact] 各種お問い合わせ; [service] WebSearch 児童手当; [hub] 子どもの手当; [article] 広報しぶや防災記事2026-02-15"
S0139,134210,東京都,小笠原村,municipality,D,kanto,https://www.vill.ogasawara.tokyo.jp/,https://www.vill.ogasawara.tokyo.jp/,https://www.vill.ogasawara.tokyo.jp/toiawase/,,https://www.vill.ogasawara.tokyo.jp/sonmin/kosodate/,,island_municipality,"離島 | [top] 200 OK; [contact] お問い合わせ; NOT_FOUND: service 個別手続きページ未発見; [hub] 子育て支援; NOT_FOUND: article 個別記事未発見"
S0153,172014,石川県,金沢市,municipality,B,chubu,https://www4.city.kanazawa.lg.jp/,https://www4.city.kanazawa.lg.jp/,https://www4.city.kanazawa.lg.jp/23047.html,https://www4.city.kanazawa.lg.jp/soshikikarasagasu/kosodateshienka/gyomuannai/2/1/9397.html,https://www4.city.kanazawa.lg.jp/kosodate_kyoiku/jidoteate_jidofuyoteate/index.html,https://www4.city.kanazawa.lg.jp/news/30509.html,core_city,"中核市・県庁所在地 | [top] 200 OK; [contact] 市役所へのアクセス; [service] WebSearch 児童手当制度; [hub] WebSearch 子育て・教育>手当; [article] 新着情報個別記事"
S0162,152021,新潟県,長岡市,municipality,C,chubu,https://www.city.nagaoka.niigata.jp/,https://www.city.nagaoka.niigata.jp/,https://www.city.nagaoka.niigata.jp/other/toiawase.html,https://www.city.nagaoka.niigata.jp/kosodate/cate01/child-allowance/index.html,https://www.city.nagaoka.niigata.jp/kosodate/index.html,https://www.city.nagaoka.niigata.jp/shisei/cate02/blog/20260104-1.html,population_top,"人口約26万 | [top] 200 OK; [contact] WebSearch お問い合わせ; [service] WebSearch 児童手当; [hub] gnav 子育て・教育; [article] WebSearch 消防出初式2026-01-04"
S0178,152242,新潟県,佐渡市,municipality,D,chubu,https://www.city.sado.niigata.jp/,https://www.city.sado.niigata.jp/,,https://www.city.sado.niigata.jp/soshiki/2010/3996.html,https://www.city.sado.niigata.jp/life/1/9/56/,,island_municipality,"離島 | [top] 200 OK; NOT_FOUND: contact; [service] WebSearch 児童手当; [hub] WebSearch 子育て支援; NOT_FOUND: article"
S0201,282014,兵庫県,姫路市,municipality,B,kinki,https://www.city.himeji.lg.jp/,https://www.city.himeji.lg.jp/,https://www.city.himeji.lg.jp/anzen/0000007110.html,https://www.city.himeji.lg.jp/waku2child/0000013458.html,https://www.city.himeji.lg.jp/kurashi/index.html,https://www.city.himeji.lg.jp/shisei/0000032587.html,core_city,"中核市 | [top] 200 OK; [contact] 休日・夜間の窓口; [service] WebSearch 児童手当; [hub] くらし・手続きトップ; [article] WebSearch 投票お知らせ券なしでも投票可能"
S0204,242021,三重県,四日市市,municipality,C,kinki,https://www.city.yokkaichi.lg.jp/,https://www.city.yokkaichi.lg.jp/www/index.html,,https://www.city.yokkaichi.lg.jp/www/contents/1740701284355/index.html,,https://www.city.yokkaichi.lg.jp/www/contents/1767598860957/index.html,population_top,"人口約31万 | [top] 200 OK redirect; NOT_FOUND: contact 総合お問い合わせ未発見; [service] WebSearch 児童手当; NOT_FOUND: hub カテゴリページ未発見; [article] WebSearch 物価高騰給付金記事"
S0234,352039,山口県,山口市,municipality,C,chugoku,https://www.city.yamaguchi.lg.jp/,https://www.city.yamaguchi.lg.jp/,https://www.city.yamaguchi.lg.jp/ques/questionnaire.php?openid=3,https://www.city.yamaguchi.lg.jp/site/kodomo/3711.html,https://www.city.yamaguchi.lg.jp/life/1/,https://www.city.yamaguchi.lg.jp/soshiki/16/188549.html,prefecture_capital,"県庁所在地 | [top] 200 OK; [contact] 市へのご意見お問い合わせ; [service] WebSearch 児童手当; [hub] くらしの情報; [article] ウェブサイトメンテナンス記事"
S0238,342122,広島県,東広島市,municipality,C,chugoku,https://www.city.higashihiroshima.lg.jp/,https://www.city.higashihiroshima.lg.jp/,https://www.city.higashihiroshima.lg.jp/toiawase.html,https://www.city.higashihiroshima.lg.jp/soshiki/kodomomirai/1/5/3022.html,https://www.city.higashihiroshima.lg.jp/kurashi/index.html,https://www.city.higashihiroshima.lg.jp/soshiki/somu/2/1/8/2/1/44657.html,population_top,"人口約19万 | [top] 200 OK; [contact] ご意見・お問い合わせ; [service] WebSearch 児童手当; [hub] くらしの情報; [article] WebSearch 一般競争入札公告2026-02-05"
S0250,382019,愛媛県,松山市,municipality,B,shikoku,https://www.city.matsuyama.ehime.jp/,https://www.city.matsuyama.ehime.jp/,,https://www.city.matsuyama.ehime.jp/kurashi/fukushi/jido/jidouteate.html,https://www.city.matsuyama.ehime.jp/kurashi/index.html,https://www.city.matsuyama.ehime.jp/shicho/kaiken/260210.html,core_city,"中核市・県庁所在地 | [top] 200 OK; NOT_FOUND: contact 総合お問い合わせ未発見; [service] WebSearch 児童手当; [hub] くらしの情報; [article] WebSearch 市長記者会見2026-02-10"
S0252,382027,愛媛県,今治市,municipality,C,shikoku,https://www.city.imabari.ehime.jp/,https://www.city.imabari.ehime.jp/,,https://www.city.imabari.ehime.jp/kodomo/fukusi/jidouteate/,,,regional_balance,"人口約15万 | [top] 200 OK; NOT_FOUND: contact 総合お問い合わせ未発見; [service] WebSearch 児童手当; NOT_FOUND: hub カテゴリページ未発見; NOT_FOUND: article 個別記事未発見"
S0265,401307,福岡県,福岡市,municipality,A,kyushu_okinawa,https://www.city.fukuoka.lg.jp/,https://www.city.fukuoka.lg.jp/,https://www.city.fukuoka.lg.jp/soudan/index.html,https://www.city.fukuoka.lg.jp/kodomo-mirai/k-katei/child/kodomoteate.html,,https://www.city.fukuoka.lg.jp/kyoiku/kikaku/ed/166.html,designated_city,"政令指定都市 | [top] 200 OK; [contact] WebSearch 相談窓口ガイド; [service] WebSearch 児童手当; NOT_FOUND: hub カテゴリページ未発見; [article] 教育委員会記事"
S0272,462012,鹿児島県,鹿児島市,municipality,B,kyushu_okinawa,https://www.city.kagoshima.lg.jp/,https://www.city.kagoshima.lg.jp/,https://www.city.kagoshima.lg.jp/soumu/soumu/jousys/soshiki/iken.html,https://www.city.kagoshima.lg.jp/faq-kosodate-kyoiku/kodomofuku/q31.html,https://www.city.kagoshima.lg.jp/kosodate/kosodate/teate/index.html,https://www.city.kagoshima.lg.jp/senkyokanri/senkyokanri/konzatujyoukyou.html,core_city,"中核市・県庁所在地 | [top] 200 OK; [contact] WebSearch ご意見・お問い合わせ; [service] WebSearch 児童手当FAQ; [hub] 子育て手当・助成; [article] WebSearch 期日前投票混雑状況2026-02"
S0274,412015,佐賀県,佐賀市,municipality,C,kyushu_okinawa,https://www.city.saga.lg.jp/,https://www.city.saga.lg.jp/,https://www.city.saga.lg.jp/main/55234.html,https://www.city.saga.lg.jp/main/3789.html,https://www.city.saga.lg.jp/main/84805.html,https://www.city.saga.lg.jp/main/100390.html,prefecture_capital,"県庁所在地 | [top] 200 OK; [contact] 福祉まるごと相談窓口; [service] WebSearch 児童手当制度; [hub] WebSearch 手当・助成; [article] 定例記者会見2026-02"
S0286,472115,沖縄県,沖縄市,municipality,C,kyushu_okinawa,https://www.city.okinawa.okinawa.jp/,https://www.city.okinawa.okinawa.jp/,https://www.city.okinawa.okinawa.jp/k003/otoiawase.html,https://www.city.okinawa.okinawa.jp/k028/kosodate/kosodateshien/jidouteate/p00001.html,https://www.city.okinawa.okinawa.jp/kosodate/kosodateshien/jidouteate/index.html,,regional_balance,"人口約14万 | [top] 200 OK; [contact] お問い合わせ; [service] WebSearch 児童手当制度; [hub] 児童手当カテゴリ; NOT_FOUND: article RSS以外の個別記事未発見"
S0298,462225,鹿児島県,奄美市,municipality,D,kyushu_okinawa,https://www.city.amami.lg.jp/,https://www.city.amami.lg.jp/,https://www.city.amami.lg.jp/kikaku/shise/koho/soudan.html,https://www.city.amami.lg.jp/fukushi/20150219-3.html,https://www.city.amami.lg.jp/wpm/kodomokosodate.html,,island_municipality,"離島・奄美大島 | [top] 200 OK; [contact] 各種相談窓口; [service] WebSearch 児童手当; [hub] まーじん子育て応援団; NOT_FOUND: article 一覧ページのみ"
