sample_id,prefecture,municipality_name,layer,population_category,page_type,page_url,captured_at,http_status,final_url,page_title,lang_attr,cms_fingerprint,theme_vendor_hint,has_skip_link,has_header_brand,has_global_nav,global_nav_variant,has_search,search_variant,has_breadcrumb,has_local_nav,has_emergency_notice,emergency_variant,has_news_list,has_pickup,has_carousel,has_hub_cards,hub_cards_variant,has_footer_policies,has_accessibility_link,accessibility_url,has_contact_info,has_contact_form,contact_form_variant,has_article_meta,has_toc,has_attachments,attachments_variant,heading_outline_score,keyboard_nav_risk,contrast_risk_hint,notes,evidence_dom_snippets_path,screenshot_path
S0001,北海道,北海道,prefecture,unknown,top,https://www.pref.hokkaido.lg.jp/,2026-02-14T18:15:00+09:00,200,https://www.pref.hokkaido.lg.jp/,北海道のホームページ,ja,custom,,true,true,true,dropdown,true,header,false,false,false,,true,true,true,true,icon,true,false,,true,false,,false,false,false,,fair,medium,medium,[skip_link] a href=#main text メインコンテンツへ移動; [header_brand] img+logo linking to /; [global_nav] ul>li>a カテゴリから探す 組織から探す 防災情報; [search] search icon with text 検索; [news_list] 新着情報 with date 2026年2月; [pickup] section ピックアップ heading; [carousel] KeyVisual_SwiperSlide; [hub_cards] icon-based category nav; [contact_info] tel:0112314111; [footer_policies] サイトポリシー 個人情報の取扱い,,
S0004,宮城県,宮城県,prefecture,unknown,top,https://www.pref.miyagi.jp/,2026-02-14T18:15:00+09:00,200,https://www.pref.miyagi.jp/,宮城県公式ホームページ Miyagi Prefectural Government,ja,Salesforce Sites,,true,true,true,dropdown,true,header,false,true,false,,true,true,true,true,icon,true,true,/moji.html,true,false,,false,false,false,,good,medium,low,[skip_link] #tmp_honbun; [header_brand] logo; [global_nav] tabbed interface; [search] tabbed search keyword/purpose/classification; [news_list] お知らせ press release; [pickup] 5 featured items; [carousel] 10-item image slides; [hub_cards] 10x2 grid icons; [local_nav] ReadSpeaker accessibility; [footer_policies] contact 022-211-2111; [accessibility] text-to-speech font-adjust,,
S0013,東京都,東京都,prefecture,unknown,top,https://www.metro.tokyo.lg.jp/,2026-02-14T18:15:00+09:00,200,https://www.metro.tokyo.lg.jp/,都庁総合ホームページ,ja,Liferay DXP,Liferay Clay UI,true,true,true,mega,true,header,false,true,false,,false,false,false,true,icon,true,false,,true,false,,false,false,false,,fair,medium,low,[skip_link] #main; [header_brand] .header__logo-link; [global_nav] sidebar collapsible; [emergency] .menu__emergency-list-item--banner striped; [search] .menu__search-select-wrapper dropdown; [hub_cards] .menu__mytokyo-channel-list 2-col grid; [local_nav] accordion details elements; [footer_policies] present; [accessibility] present,,
S0027,大阪府,大阪府,prefecture,unknown,top,https://www.pref.osaka.lg.jp/,2026-02-14T18:15:00+09:00,200,https://www.pref.osaka.lg.jp/,大阪府（おおさかふ）ホームページ,ja,custom,custom municipal template,true,true,true,dropdown,true,header,false,false,true,banner,true,true,true,true,image,true,true,/moji.html,true,false,,false,false,false,,fair,medium,low,[skip_link] #tmp_honbun; [emergency] disease alerts Attention section; [global_nav] categorical_tabs; [search] keyword+page_id; [news_list] present; [pickup] topic cards; [carousel] banner_mainvs dual-language; [hub_cards] image topic cards; [footer_policies] present; [accessibility] 閲覧補助機能; [contact_info] 06-6941-0351,,
S0047,沖縄県,沖縄県,prefecture,unknown,top,https://www.pref.okinawa.lg.jp/,2026-02-14T18:15:00+09:00,200,https://www.pref.okinawa.lg.jp/,沖縄県公式ホームページ,ja,custom,,true,true,true,mega,true,header,false,false,false,,true,true,true,true,icon,true,true,https://www.pref.okinawa.lg.jp/about/accessibility/index.html,true,false,,false,false,false,,poor,medium,low,[skip_link] #HONBUN; [header_brand] logo; [global_nav] くらし・環境 through 県政情報; [search] #search1 site_search #search2 page_id_search; [news_list] 新着情報; [pickup] ピックアップサイト carousel; [hub_cards] information_search grid; [footer_policies] 個人情報保護方針; [accessibility] ウェブアクセシビリティ方針; [contact_info] 〒900-8570 那覇市泉崎1-2-2,,
S0001,北海道,北海道,prefecture,unknown,contact,https://www.pref.hokkaido.lg.jp/site-info/contact.html,2026-02-14T18:16:00+09:00,200,https://www.pref.hokkaido.lg.jp/site-info/contact.html,お問合せ・相談窓口 - 北海道のホームページ,ja,custom,custom_with_readspeaker,true,true,true,dropdown,true,header,true,false,false,,false,false,false,true,text,true,false,,true,true,external,false,false,true,pdf,fair,low,low,[skip_link] present; [breadcrumb] trail present; [global_nav] dropdown menus; [search] header search; [hub_cards] section links; [contact_info] phone/fax/form; [contact_form] external form link; [attachments] PDF telephone directory; [footer_policies] present; [accessibility] ReadSpeaker,,
S0004,宮城県,宮城県,prefecture,unknown,contact,https://www.pref.miyagi.jp/site/gyoseisabisu/soudan-index.html,2026-02-14T18:16:00+09:00,200,https://www.pref.miyagi.jp/site/gyoseisabisu/soudan-index.html,相談窓口のごあんない - 宮城県公式ウェブサイト,ja,Salesforce Sites,,true,true,true,dropdown,true,header,true,true,false,,false,true,false,false,,true,true,/moji.html,true,false,,true,true,false,,good,low,low,[skip_link] present; [breadcrumb] present; [global_nav] multi-level; [search] site search; [local_nav] section nav; [pickup] MIYAGI+iRO cards; [hub_cards] promotional cards; [contact_info] hotlines directory; [article_meta] posting date 2025-10-31; [toc] section directory; [footer_policies] present; [accessibility] ReadSpeaker /moji.html,,
S0013,東京都,東京都,prefecture,unknown,contact,https://www.metro.tokyo.lg.jp/tosei/iken-sodan/otoiawase/otoiawase/index.html,2026-02-14T18:16:00+09:00,200,https://www.metro.tokyo.lg.jp/tosei/iken-sodan/otoiawase/otoiawase/index.html,お問い合わせ|都庁総合ホームページ,ja,Liferay DXP,MetroTokyo,true,true,true,mega,true,header,false,false,false,,false,false,false,false,,true,false,,true,true,simple,false,false,false,,fair,low,low,[skip_link] present; [global_nav] sidebar fixed; [emergency] banner evacuation info; [search] category filter; [contact_info] present; [contact_form] DDM form; [footer_policies] present; [accessibility] present,,
S0027,大阪府,大阪府,prefecture,unknown,contact,https://www.pref.osaka.lg.jp/o070050/fumin/occ/index.html,2026-02-14T18:16:00+09:00,200,https://www.pref.osaka.lg.jp/o070050/fumin/occ/index.html,府民お問合せセンター ピピっとライン／大阪府,ja,custom,,true,true,true,dropdown,true,header,true,true,false,,false,false,false,true,icon,true,true,/moji.html,true,true,simple,true,true,true,mixed,good,low,low,[skip_link] present; [breadcrumb] present; [global_nav] categorical submenus; [search] keyword+page_id; [local_nav] present; [hub_cards] contact method cards icons; [contact_info] 06-6910-8001; [contact_form] phone email FAX AI chatbot; [article_meta] present; [toc] section directory; [attachments] FAX forms; [footer_policies] present; [accessibility] /moji.html,,
S0047,沖縄県,沖縄県,prefecture,unknown,contact,https://www.pref.okinawa.lg.jp/kensei/kochokoho/1014932/1015136/index.html,2026-02-14T18:16:00+09:00,200,https://www.pref.okinawa.lg.jp/kensei/kochokoho/1014932/1015136/index.html,県民ご意見箱｜沖縄県公式ホームページ,ja,custom,,true,true,true,mega,true,header,true,true,false,,false,false,false,false,,true,true,https://www.pref.okinawa.lg.jp/about/accessibility/index.html,true,false,,true,true,false,,good,low,low,[skip_link] present; [breadcrumb] present; [global_nav] mega-menu; [search] site-search+ID lookup; [local_nav] section nav; [hub_cards] search-tiles; [contact_info] present; [article_meta] present; [toc] year-based answer links; [footer_policies] present; [accessibility] ウェブアクセシビリティ方針,,
S0001,北海道,北海道,prefecture,unknown,service,https://www.pref.hokkaido.lg.jp/sm/ktk/saigai-bousai.html,2026-02-14T18:17:00+09:00,200,https://www.pref.hokkaido.lg.jp/sm/ktk/saigai-bousai.html,北海道の災害・防災情報,ja,custom,,true,true,true,dropdown,true,header,true,false,true,banner,true,true,false,false,,true,false,,true,true,external,false,false,true,mixed,fair,low,low,[skip_link] present; [breadcrumb] HOME>総務部>危機対策局; [emergency] multiple weather alerts heavy snow blizzard Feb 2026; [news_list] active alerts; [pickup] portal links; [contact_info] 011-204-5007; [contact_form] inquiry form link; [attachments] weather forecast images; [accessibility] ReadSpeaker,,
S0004,宮城県,宮城県,prefecture,unknown,service,https://www.pref.miyagi.jp/life/sub/5/index.html,2026-02-14T18:17:00+09:00,200,https://www.pref.miyagi.jp/life/sub/5/index.html,申請・手続き - 宮城県公式ウェブサイト,ja,custom,,true,true,true,mega,true,header,true,true,false,,false,true,false,false,,true,false,,true,false,,false,true,false,,fair,low,low,[skip_link] present; [breadcrumb] present; [global_nav] mega_menu; [emergency] disaster/weather link; [local_nav] 9 domain categories; [pickup] present; [hub_cards] category_grid; [toc] section navigation; [footer_policies] present; [accessibility] text-to-speech font sizing,,
S0013,東京都,東京都,prefecture,unknown,service,https://fukushi.metro.tokyo.lg.jp/kodomo/kosodate/teate/zidouteate/,2026-02-14T18:17:00+09:00,0,,,,,,false,false,false,,false,,false,false,false,,false,false,false,false,,false,false,,false,false,,false,false,false,,,,,ECONNREFUSED - fukushi.metro.tokyo.lg.jp connection refused,,
S0027,大阪府,大阪府,prefecture,unknown,service,https://www.pref.osaka.lg.jp/kenkoufukushi/kosodate/teate/index.html,2026-02-14T18:18:00+09:00,200,https://www.pref.osaka.lg.jp/kenkoufukushi/kosodate/teate/index.html,子育てに係る手当／大阪府,ja,custom,,true,true,true,dropdown,true,header,true,true,false,,false,true,false,false,,true,true,/moji.html,true,false,,false,false,false,,good,low,low,[skip_link] present; [breadcrumb] present; [global_nav] hierarchical_dropdown; [search] keyword+pageid; [local_nav] present; [pickup] present; [footer_policies] present; [accessibility] /moji.html multilingual text-resize,,
S0047,沖縄県,沖縄県,prefecture,unknown,service,https://www.pref.okinawa.lg.jp/kurashikankyo/passport/1005195.html,2026-02-14T18:18:00+09:00,200,https://www.pref.okinawa.lg.jp/kurashikankyo/passport/1005195.html,パスポートの切替新規申請｜沖縄県公式ホームページ,ja,custom,,true,true,true,dropdown,true,header,true,true,false,,false,true,false,false,,true,true,https://www.pref.okinawa.lg.jp/about/accessibility/index.html,true,true,simple,true,false,true,pdf,good,low,low,[skip_link] present; [breadcrumb] present; [global_nav] hierarchical dropdown; [search] dual site+page_number; [local_nav] present; [pickup] present; [hub_cards] info search grid; [attachments] PDF guides; [contact_info] passport center; [contact_form] inquiry form; [article_meta] present; [accessibility] ウェブアクセシビリティ方針,,
S0001,北海道,北海道,prefecture,unknown,hub,https://www.pref.hokkaido.lg.jp/category/d007/,2026-02-14T18:17:00+09:00,200,https://www.pref.hokkaido.lg.jp/category/d007/,防災・くらし・人権・環境 - 北海道のホームページ,ja,custom,,true,true,true,dropdown,true,header,true,true,false,,true,false,false,true,icon,true,false,,true,false,,false,false,false,,fair,low,low,[skip_link] present; [breadcrumb] HOME>category; [global_nav] dual category+org menu; [search] icon-based header; [local_nav] section navigation; [news_list] 10 recent items Feb 2026; [hub_cards] 16 category section cards; [contact_info] tel:011-231-4111 札幌市中央区北3条西6丁目; [accessibility] ReadSpeaker,,
S0004,宮城県,宮城県,prefecture,unknown,hub,https://www.pref.miyagi.jp/site/kosodate/index.html,2026-02-14T18:17:00+09:00,200,https://www.pref.miyagi.jp/site/kosodate/index.html,子育て支援情報サイト「みやぎっこ広場」,ja,custom,,true,true,true,horizontal,true,header,false,true,false,,true,true,true,true,icon,true,false,,true,false,,false,false,false,,fair,low,low,[skip_link] present; [global_nav] horizontal_menu; [search] site_search; [local_nav] stage and purpose based; [news_list] present; [pickup] present; [carousel] 3 image slides; [hub_cards] stage_and_purpose_based; [contact_info] email link; [footer_policies] copyright social media,,
S0013,東京都,東京都,prefecture,unknown,hub,https://www.metro.tokyo.lg.jp/kurashi/,2026-02-14T18:18:00+09:00,200,https://www.metro.tokyo.lg.jp/kurashi/,暮らし・健康・福祉|都庁総合ホームページ,ja,Liferay DXP,TochosogoTheme,true,true,true,mega,true,header,false,true,false,,false,false,false,false,,true,false,,false,false,,false,false,false,,fair,low,low,[skip_link] present; [global_nav] sidebar fixed desktop hamburger mobile; [search] embedded with category filter; [local_nav] present; [emergency] banner evacuation links; [footer_policies] present; CSS vars primary #0b5fff meets WCAG AA,,
S0027,大阪府,大阪府,prefecture,unknown,hub,https://www.pref.osaka.lg.jp/kenkoufukushi/kosodate/index.html,2026-02-14T18:19:00+09:00,200,https://www.pref.osaka.lg.jp/kenkoufukushi/kosodate/index.html,子育て／大阪府,ja,custom,,true,true,true,dropdown,true,header,true,true,false,,true,false,false,true,text,true,false,,true,false,,false,false,false,,good,medium,low,[skip_link] present; [breadcrumb] present; [global_nav] hierarchical_accordion; [search] keyword+page_id; [local_nav] present; [emergency] 防災・緊急情報; [news_list] present; [hub_cards] category_link_lists; [contact_info] present; [accessibility] text-size speech furigana,,
S0047,沖縄県,沖縄県,prefecture,unknown,hub,https://www.pref.okinawa.lg.jp/kurashikankyo/index.html,2026-02-14T18:19:00+09:00,200,https://www.pref.okinawa.lg.jp/kurashikankyo/index.html,くらし・環境｜沖縄県公式ホームページ,ja,custom,,true,true,true,dropdown,true,header,true,true,false,,true,true,false,true,icon,true,true,https://www.pref.okinawa.lg.jp/about/accessibility/index.html,true,false,,true,false,false,,good,low,low,[skip_link] present; [breadcrumb] present; [global_nav] hierarchical dropdown; [search] dual site+page_number; [local_nav] present; [news_list] 5 latest items; [pickup] present; [hub_cards] 12 topical sections; [contact_info] present; [article_meta] present; [accessibility] policy link,,
S0001,北海道,北海道,prefecture,unknown,article,https://www.pref.hokkaido.lg.jp/ss/tkk/hodo/pressrelease/r7/247096.html,2026-02-14T18:17:00+09:00,200,https://www.pref.hokkaido.lg.jp/ss/tkk/hodo/pressrelease/r7/247096.html,報道発表資料（令和8年1月）,ja,custom,,true,true,true,dropdown,true,header,true,true,false,,true,false,false,false,,true,false,,true,true,external,true,false,true,pdf,fair,low,low,[skip_link] present; [breadcrumb] HOME>総合政策部>知事室広報広聴課; [global_nav] dual menu; [search] icon toggle; [local_nav] present; [news_list] 2026 Jan press releases; [attachments] multiple PDF 14.7KB-1.57MB; [contact_info] present; [contact_form] inline form link; [article_meta] present; [accessibility] ReadSpeaker,,
S0004,宮城県,宮城県,prefecture,unknown,article,https://www.pref.miyagi.jp/soshiki/densho/tinkon-press2026.html,2026-02-14T18:18:00+09:00,200,https://www.pref.miyagi.jp/soshiki/densho/tinkon-press2026.html,みやぎ鎮魂の日における県の対応について,ja,Salesforce Sites,,true,true,true,dropdown,true,header,true,true,false,,false,true,false,false,,true,true,/moji.html,true,false,,true,false,true,pdf,good,low,low,[skip_link] present; [breadcrumb] present; [global_nav] hierarchical_dropdown; [search] site_search; [local_nav] present; [pickup] promotional cards; [hub_cards] initiative cards; [attachments] PDF download; [contact_info] present; [article_meta] present; [accessibility] text-to-speech /moji.html,,
S0013,東京都,東京都,prefecture,unknown,article,https://www.metro.tokyo.lg.jp/information/press/2026/02/2026021210,2026-02-14T18:18:00+09:00,200,https://www.metro.tokyo.lg.jp/information/press/2026/02/2026021210,第253回都市計画審議会 付議予定案件及び傍聴のお知らせ,ja,Liferay DXP,TochosogoTheme,true,true,true,mega,true,header,false,false,false,,false,false,false,false,,true,false,,true,false,,true,false,false,,fair,low,low,[skip_link] present; [global_nav] sidebar accordion; [search] keyword category selector; [emergency] evacuation disaster links banner; [contact_info] present; [article_meta] present; [accessibility] present; Liferay portlet architecture GTM analytics,,
S0027,大阪府,大阪府,prefecture,unknown,article,https://www.pref.osaka.lg.jp/hodo/fumin/o070110/prs_51141.html,2026-02-14T18:19:00+09:00,200,https://www.pref.osaka.lg.jp/hodo/fumin/o070110/prs_51141.html,ワールドマスターズゲームズ2027関西大会のエントリーを3月2日より開始します！,ja,custom,,true,true,true,dropdown,true,header,true,false,false,,false,false,false,false,,true,true,/moji.html,true,false,,true,false,true,pdf,good,low,low,[skip_link] present; [breadcrumb] present; [global_nav] hierarchical_dropdown; [search] keyword+pageid; [emergency] 防災・緊急情報 link; [attachments] PDF poster; [contact_info] sportsshinko@sbox.pref.osaka.lg.jp; [article_meta] present; [accessibility] /moji.html,,
S0047,沖縄県,沖縄県,prefecture,unknown,article,https://www.pref.okinawa.lg.jp/kensei/gikai/1016839/1037683/1037684.html,2026-02-14T18:19:00+09:00,200,https://www.pref.okinawa.lg.jp/kensei/gikai/1016839/1037683/1037684.html,議会情報 令和8年 第1回（2月定例会）｜沖縄県公式ホームページ,ja,custom,,true,true,true,mega,true,header,true,true,false,,false,false,false,false,,true,true,https://www.pref.okinawa.lg.jp/about/site/usability.html,true,true,simple,true,true,true,pdf,good,low,low,[skip_link] present; [breadcrumb] present; [global_nav] mega-menu topic categories; [search] site+page_id; [local_nav] present; [hub_cards] info search cards; [attachments] PDF with file sizes; [contact_info] present; [contact_form] legislative inquiry; [article_meta] updated 2026-02-13; [toc] structured schedule; [accessibility] usability policy,,
S0048,北海道,札幌市,municipality,A,top,https://www.city.sapporo.jp/,2026-02-14T19:30:00+09:00,200,https://www.city.sapporo.jp/,札幌市公式ホームページ - City of Sapporo,ja,custom,,true,true,true,dropdown,true,header,false,false,false,,true,true,true,true,text,true,false,,true,false,,false,false,false,,fair,medium,medium,[skip_link] a href=#tmp_honbun 本文へスキップ; [header_brand] h1 札幌市 a href=/index.html; [global_nav] nav ul>li>a 防災 くらし 健康 教育 観光 市政; [search] お探しの情報は何ですか 検索; [news_list] 新着情報 6items; [pickup] 話題のキーワード GX AI; [carousel] tmp_gallery image slides; [hub_cards] 早引きインデックス 妊娠出産子育て 結婚離婚; [contact_info] コールセンター 011-222-4894; [footer_policies] リンク著作権免責 個人情報保護,,
S0048,北海道,札幌市,municipality,A,contact,https://www.city.sapporo.jp/somu/shiminnokoe/iken/koukai_form.html,2026-02-14T19:31:00+09:00,200,https://www.city.sapporo.jp/somu/shiminnokoe/iken/koukai_form.html,お問い合わせ（みなさまからの声）／札幌市,ja,custom,,true,true,true,horizontal,true,header,true,false,false,,false,false,false,false,,true,false,,true,true,multi_step,false,false,false,,fair,medium,low,[skip_link] #tmp_honbun; [breadcrumb] ホーム>市政情報>広報広聴; [global_nav] 7 main categories horizontal; [search] header search; [contact_info] 011-211-2042 fax address; [contact_form] multi_step required fields 住所区 件名 内容 max1200chars; [footer_policies] copyright privacy guidelines,,
S0048,北海道,札幌市,municipality,A,service,https://www.city.sapporo.jp/chuo/info/0202/jidouteate.html,2026-02-14T19:32:00+09:00,404,,,,,,false,false,false,,false,,false,false,false,,false,false,false,false,,false,false,,false,false,,false,false,false,,,,,HTTP 404 - page not found,,
S0048,北海道,札幌市,municipality,A,hub,https://www.city.sapporo.jp/kenko/kosodate/index.html,2026-02-14T19:33:00+09:00,200,https://www.city.sapporo.jp/kenko/kosodate/index.html,子育て／札幌市,ja,custom,,true,true,true,dropdown,true,header,true,true,false,,true,true,false,true,text,true,false,,true,false,,true,false,false,,fair,medium,medium,[skip_link] #tmp_honbun; [breadcrumb] ホーム>健康福祉子育て>子育て; [global_nav] accordion 6 categories; [search] header search; [local_nav] vertical menu; [news_list] 新着情報 5items; [pickup] さっぽろ子育て情報サイト; [hub_cards] 6 content cards 子ども向け施設 児童相談所; [contact_info] コールセンター 011-222-4894; [article_meta] 更新日2025年7月1日,,
S0048,北海道,札幌市,municipality,A,article,https://www.city.sapporo.jp/museum/oshirase/2025tejisitsunikki.html,2026-02-14T19:34:00+09:00,200,https://www.city.sapporo.jp/museum/oshirase/2025tejisitsunikki.html,展示室にっきWEB版（2025年度）／札幌市,ja,custom,,true,true,true,dropdown,true,header,true,true,false,,true,true,false,false,,true,false,,true,false,,true,false,true,pdf,fair,medium,medium,[skip_link] #tmp_honbun; [breadcrumb] ホーム>教育文化スポーツ; [global_nav] sidebar dropdown; [local_nav] museum links; [news_list] dated entries Feb2026; [pickup] featured exhibitions; [contact_info] 博物館活動センター 011-374-5002; [article_meta] 更新日2026年2月14日; [attachments] PDF coloring pages 広報さっぽろ,,
S0049,北海道,旭川市,municipality,B,top,https://www.city.asahikawa.hokkaido.jp/,2026-02-14T19:30:00+09:00,200,https://www.city.asahikawa.hokkaido.jp/,旭川市,ja,custom,,true,true,true,mega,false,,false,false,false,,true,true,true,true,icon,true,false,,true,false,,false,false,false,,fair,medium,low,[skip_link] a href=#skip_main メインメニューをスキップして本文へ移動; [header_brand] img ast_logo.png alt 旭川市; [global_nav] horizontal mega くらし イベント 観光 事業者; [news_list] 新着情報 Feb dates; [pickup] 注目情報 36+ items; [carousel] スライドショー再生停止 controls; [hub_cards] icon SVG 妊娠出産 子育て 学校教育; [contact_info] 〒070-8525 0166-26-1111; [footer_policies] ホームページについて 個人情報,,
S0049,北海道,旭川市,municipality,B,contact,https://www.city.asahikawa.hokkaido.jp/1000/index.html,2026-02-14T19:31:00+09:00,200,https://www.city.asahikawa.hokkaido.jp/1000/index.html,相談・お問い合わせ | 旭川市,ja,custom,,true,true,true,dropdown,true,header,true,true,false,,false,false,false,false,,true,false,,true,false,,false,false,false,,fair,medium,medium,[skip_link] a href=#content; [breadcrumb] ホーム>相談お問い合わせ; [global_nav] balloon tooltip dropdown; [search] サイト内検索; [local_nav] よくあるご質問 困ったときの相談窓口; [contact_info] 〒070-8525 0166-26-1111; [footer_policies] 個人情報 サイトマップ,,
S0049,北海道,旭川市,municipality,B,service,https://www.city.asahikawa.hokkaido.jp/kurashi/218/228/229/p004671.html,2026-02-14T19:32:00+09:00,200,https://www.city.asahikawa.hokkaido.jp/kurashi/218/228/229/p004671.html,児童手当 | 旭川市,ja,custom,,true,true,true,horizontal,true,header,true,true,false,,true,false,false,false,,true,false,,true,true,external,true,true,true,pdf,good,low,low,[skip_link] a href=#content 本文へ; [breadcrumb] ホーム>くらし>子育て>手当助成金>各種手当>児童手当; [global_nav] horizontal; [search] サイト内検索; [local_nav] sidebar toc; [news_list] お知らせ system change; [contact_info] 子育て助成課 0166-25-6446; [contact_form] メールフォーム logoform.jp; [article_meta] 最終更新日2025年7月11日 ページID004671; [toc] numbered 1-8 sections; [attachments] 10+ PDF forms 認定請求書 別居監護申立書,,
S0049,北海道,旭川市,municipality,B,hub,https://www.city.asahikawa.hokkaido.jp/kurashi/408/index.html,2026-02-14T19:33:00+09:00,200,https://www.city.asahikawa.hokkaido.jp/kurashi/408/index.html,市民活動・参加・地域まちづくり | 旭川市,ja,custom,,true,true,true,horizontal,true,header,true,true,false,,false,false,false,true,text,true,false,,true,false,,false,false,false,,fair,low,low,[skip_link] img transparent.png #content 本文へ; [breadcrumb] ホーム>くらし>市民活動参加地域まちづくり; [global_nav] horizontal くらし イベント; [search] サイト内検索; [local_nav] 14 category links; [hub_cards] 14 text subcategories; [contact_info] 0166-26-1111; [footer_policies] privacy sitemap website info,,
S0049,北海道,旭川市,municipality,B,article,https://www.city.asahikawa.hokkaido.jp/700/723/735/d083393.html,2026-02-14T19:34:00+09:00,200,https://www.city.asahikawa.hokkaido.jp/700/723/735/d083393.html,令和8年度予算案の概要に関する記者会見（令和8年2月5日）| 旭川市,ja,custom,,true,true,true,horizontal,true,header,true,true,false,,false,false,false,false,,true,false,,true,false,,true,false,true,pdf,fair,medium,low,[skip_link] img transparent.png #content; [breadcrumb] ホーム>市政情報>広報報道広聴活動>記者発表; [global_nav] horizontal balloon; [search] サイト内検索; [local_nav] sidebar language color; [contact_info] 〒070-8525 0166-26-1111; [article_meta] 最終更新日2026年2月6日 ページID083393; [attachments] 7 PDF downloads split documents,,
S0051,北海道,帯広市,municipality,C,top,https://www.city.obihiro.hokkaido.jp/,2026-02-14T19:35:00+09:00,200,https://www.city.obihiro.hokkaido.jp/,帯広市総合トップページ｜帯広市ホームページ 十勝,ja,custom,FICSC,false,true,true,drawer,true,header,false,true,true,banner,false,true,true,true,icon,true,false,,true,false,,false,false,false,,poor,medium,medium,[header_brand] tlogo.svg 帯広市; [global_nav] drawer toggle 市民の方 観光の方 移住; [search] #key suggest field; [local_nav] 目的から探す 12 icon categories; [emergency] 緊急情報があります banner; [pickup] featured slider 4 images; [carousel] bxslider implementation; [hub_cards] 3-column cards + 12 target icons; [contact_info] 〒080-8670 0155-24-4111; [footer_policies] 著作権免責 プライバシーポリシー,,
S0051,北海道,帯広市,municipality,C,contact,https://www.city.obihiro.hokkaido.jp/shisei/gaiyo/soshiki/1006025/index.html,2026-02-14T19:36:00+09:00,200,https://www.city.obihiro.hokkaido.jp/shisei/gaiyo/soshiki/1006025/index.html,各課の連絡先・電話番号｜帯広市ホームページ 十勝,ja,custom,FICSC,true,true,true,dropdown,true,header,true,true,false,,false,false,false,true,text,true,true,/shisei/kouhou/homepage/site/usability.html,true,true,external,false,false,true,pdf,fair,low,medium,[skip_link] #HONBUN エンターキーでスキップ; [breadcrumb] トップ>市政情報>市の概要>市の組織; [global_nav] accordion 9 categories; [search] autocomplete suggest; [local_nav] department sidebar; [hub_cards] 11 department sections; [contact_info] 0155-65-4109 fax; [contact_form] ご意見お問い合わせフォーム external; [attachments] PDF 行政機構図; [accessibility] usability.html; [footer_policies] 著作権 プライバシー,,
S0051,北海道,帯広市,municipality,C,service,https://www.city.obihiro.hokkaido.jp/kyoiku/kosodate/teate/1017578.html,2026-02-14T19:37:00+09:00,200,https://www.city.obihiro.hokkaido.jp/kyoiku/kosodate/teate/1017578.html,児童手当｜帯広市ホームページ 十勝,ja,custom,FICSC,true,true,true,dropdown,true,header,true,true,false,,false,false,false,true,icon,true,true,/shisei/kouhou/homepage/site/usability.html,true,true,external,true,false,true,pdf,fair,medium,medium,[skip_link] #HONBUN; [breadcrumb] トップ>教育子育て>子育て>各種手当助成>児童手当; [global_nav] dropdown accordion; [search] suggest widget; [local_nav] sidebar related; [hub_cards] 目的から探す 12 icon links; [contact_info] こども課 0155-65-4160; [contact_form] external form link; [article_meta] ページ番号1017578 更新日2025年11月18日; [attachments] 5 PDF forms 認定請求書; [accessibility] usability.html,,
S0051,北海道,帯広市,municipality,C,hub,https://www.city.obihiro.hokkaido.jp/kurashi/gomi/index.html,2026-02-14T19:38:00+09:00,200,https://www.city.obihiro.hokkaido.jp/kurashi/gomi/index.html,ごみ・リサイクル｜帯広市ホームページ 十勝,ja,custom,FICSC,true,true,true,dropdown,true,header,true,true,false,,true,true,false,true,icon,true,true,/shisei/kouhou/homepage/site/usability.html,true,true,external,false,false,false,,fair,medium,medium,[skip_link] #HONBUN; [breadcrumb] トップ>くらし手続き>ごみリサイクル; [global_nav] accordion multi-level; [search] suggest; [local_nav] sidebar 収集日 分別 FAQ; [news_list] お知らせ 5items; [pickup] よくある問い合わせ FAQ; [hub_cards] 目的から探す 12 icons; [contact_info] 清掃事業課 phone fax; [contact_form] external form; [accessibility] usability.html; [footer_policies] 著作権 プライバシー,,
S0051,北海道,帯広市,municipality,C,article,https://www.city.obihiro.hokkaido.jp/shisei/mayor/kaiken/1017170/1019208.html,2026-02-14T19:39:00+09:00,200,https://www.city.obihiro.hokkaido.jp/shisei/mayor/kaiken/1017170/1019208.html,令和7年2月17日 市長記者会見｜帯広市ホームページ 十勝,ja,custom,FICSC,true,true,true,dropdown,true,header,true,true,false,,false,false,false,false,,true,true,/shisei/kouhou/homepage/site/usability.html,true,true,external,true,false,true,pdf,fair,medium,medium,[skip_link] #HONBUN; [breadcrumb] トップ>市政情報>市長室>記者会見; [global_nav] accordion drawer; [search] suggest; [local_nav] archive links; [hub_cards] icon quicklinks 妊娠出産子育て; [contact_info] 〒080-8670 0155-24-4111; [contact_form] external form; [article_meta] ページ番号1019208 更新日2026年2月8日; [attachments] PDF 配布資料1-3 YouTube; [accessibility] usability.html,,
S0084,福島県,郡山市,municipality,B,top,https://www.city.koriyama.lg.jp/,2026-02-14T19:35:00+09:00,200,https://www.city.koriyama.lg.jp/,郡山市公式ウェブサイト トップページ,ja,custom,,true,true,true,dropdown,true,header,false,true,false,,true,true,true,true,image,true,true,/site/userguide/,true,false,,false,false,true,pdf,fair,medium,medium,[skip_link] #skip メニューを飛ばして本文へ; [header_brand] logo.png 郡山市; [global_nav] dropdown hierarchical さがす Language 防災急病; [search] Googleカスタム検索+ページID検索; [local_nav] contextual子育て教育 健康福祉; [news_list] Newsお知らせ 新着情報 事業者 報道資料 tabs; [pickup] banner carousel こおりやま2026手話歌; [carousel] slick.css slider; [hub_cards] がくとくんラインナップ image thumbnails; [contact_info] 〒963-8601 024-924-2491; [attachments] PDF 広報こおりやま; [accessibility] 音声読み上げ /site/userguide/,,
S0084,福島県,郡山市,municipality,B,contact,https://www.city.koriyama.lg.jp/life/4/24/,2026-02-14T19:36:00+09:00,200,https://www.city.koriyama.lg.jp/life/4/24/,相談窓口 - 郡山市公式ウェブサイト,ja,custom,,true,true,true,dropdown,true,header,true,true,false,,true,true,false,false,,true,false,,true,false,,false,false,false,,fair,medium,medium,[skip_link] #skip; [breadcrumb] トップ>分類でさがす>しごと産業>相談窓口; [global_nav] multi-level dropdown; [search] Googleカスタム検索; [local_nav] subsections 働いている方 求職者; [news_list] 新着情報 2026-02-13; [pickup] category featured links; [hub_cards] がくとくんラインナップ; [contact_info] 〒963-8601 024-924-2491; [accessibility] 音声読み上げ font contrast; [footer_policies] 個人情報取扱い,,
S0084,福島県,郡山市,municipality,B,service,https://www.city.koriyama.lg.jp/site/kosodate/1373.html,2026-02-14T19:37:00+09:00,200,https://www.city.koriyama.lg.jp/site/kosodate/1373.html,児童手当について - 郡山市公式ウェブサイト,ja,custom,,true,true,true,dropdown,true,header,true,true,false,,false,true,false,true,image,true,false,,true,false,,true,true,true,pdf,fair,medium,medium,[skip_link] #skip; [breadcrumb] 郡山市子育てサイト>手続き>手当助成; [global_nav] dropdown Google Translate 16 languages; [search] Googleカスタム検索 PDF filter; [local_nav] sidebar 目的別 年齢別 手続き; [pickup] sidebar service widgets; [hub_cards] 4 service cards with images; [contact_info] 子育て給付課 024-924-2411; [article_meta] ページID0001373 更新日2024年11月8日; [toc] 5-item outline #shinseihouhou; [attachments] 5 PDF forms with sizes; [accessibility] ReadSpeaker,,
S0084,福島県,郡山市,municipality,B,hub,https://www.city.koriyama.lg.jp/site/kosodate/,2026-02-14T19:38:00+09:00,200,https://www.city.koriyama.lg.jp/site/kosodate/,郡山市子育てサイト - 郡山市公式ウェブサイト,ja,custom,,true,true,true,dropdown,true,header,false,true,false,,true,true,false,true,image,true,false,,true,false,,false,false,false,,fair,medium,medium,[skip_link] #skip; [global_nav] multi-level dropdown; [search] Googleカスタム検索 PDF filter; [local_nav] 6 categorical sections 目的別 年齢別; [news_list] 新着情報 5items 2025-2026; [pickup] がくとくんピックアップ; [hub_cards] 12+ promotional banner cards; [contact_info] department listings 024-924-3801; [accessibility] ReadSpeaker text-to-speech; [footer_policies] site usage privacy,,
S0084,福島県,郡山市,municipality,B,article,https://www.city.koriyama.lg.jp/soshiki/23/171592.html,2026-02-14T19:39:00+09:00,200,https://www.city.koriyama.lg.jp/soshiki/23/171592.html,令和8年2月の報道資料 - 郡山市公式ウェブサイト,ja,custom,,true,true,true,dropdown,true,header,true,true,false,,true,true,false,false,,true,false,,true,false,,true,false,true,pdf,fair,medium,low,[skip_link] #skip; [breadcrumb] トップ>組織でさがす>政策開発部>広聴広報課; [global_nav] accordion menu_open/close; [search] Googleカスタム検索; [local_nav] left nav くらし 子育て教育; [news_list] dated press releases by day; [pickup] 注目ワード Vaccine MyNumber; [hub_cards] がくとくんラインナップ 9variants 6categories; [contact_info] 024-924-2491; [article_meta] ページID0171592 更新日2026年2月13日; [attachments] 40+ PDF links with file sizes; [accessibility] /site/userguide/,,
S0086,福島県,会津若松市,municipality,C,top,https://www.city.aizuwakamatsu.fukushima.jp/,2026-02-14T19:40:00+09:00,200,https://www.city.aizuwakamatsu.fukushima.jp/,会津若松市,ja,Joruri CMS,,true,true,true,mega,true,header,false,true,true,banner,true,true,true,true,icon,true,true,/docs/2014120900018/,true,false,,false,false,false,,fair,medium,medium,[skip_link] a href=#main 本文へ移動; [header_brand] 会津若松市 logo; [global_nav] dropdown mega ライフイベント くらし手続き 健康福祉; [search] キーワードで探す header; [local_nav] sidebar department links; [emergency] ごみ緊急事態宣言 ツキノワグマ出没警報 banner; [news_list] 新着情報 2026年02月; [pickup] ピックアップ情報; [carousel] Crossfade script 6.5s; [hub_cards] icon ライフイベント 妊娠出産 子育て 結婚; [contact_info] 〒965-8601 0242-39-1111; [accessibility] /docs/2014120900018/ font contrast; [footer_policies] お問い合わせ先 このサイトについて,,
S0086,福島県,会津若松市,municipality,C,contact,https://www.city.aizuwakamatsu.fukushima.jp/docs/2007080601965/,2026-02-14T19:41:00+09:00,200,https://www.city.aizuwakamatsu.fukushima.jp/docs/2007080601965/,市民の相談窓口一覧 | 会津若松市,ja,Joruri CMS,,true,true,true,dropdown,false,,true,true,false,,false,false,false,false,,true,true,/docs/2014120900018/,true,false,,true,true,false,,fair,medium,medium,[skip_link] #main 本文へ移動; [breadcrumb] TOP>分野>市の紹介; [global_nav] dropdown Language selector; [local_nav] left nav toc links; [contact_info] multiple dept phones 0242-39-1221; [article_meta] 公開日2024年02月29日 更新日2026年01月29日; [toc] jump links 11 consultation categories; [accessibility] /docs/2014120900018/ font contrast; [footer_policies] お問い合わせ先 よくある問い合わせ このサイトについて,,
S0086,福島県,会津若松市,municipality,C,service,https://www.city.aizuwakamatsu.fukushima.jp/docs/2016111100025/,2026-02-14T19:42:00+09:00,200,https://www.city.aizuwakamatsu.fukushima.jp/docs/2016111100025/,児童手当について | 会津若松市,ja,Joruri CMS,,true,true,true,dropdown,false,,true,true,false,,false,false,false,false,,false,true,/docs/2014120900018/,true,true,external,true,true,true,pdf,fair,low,medium,[skip_link] #main; [breadcrumb] multiple trails; [global_nav] sidebar dropdown Language; [local_nav] section jump links; [contact_info] 0242-39-1243 FAX 2 branch offices; [contact_form] mail form ic-mail.gif external; [article_meta] 公開日2023年07月26日 更新日2025年06月02日; [toc] 9-item anchor menu; [attachments] 8 PDF forms 認定請求書 額改定; [accessibility] /docs/2014120900018/,,
S0086,福島県,会津若松市,municipality,C,hub,https://www.city.aizuwakamatsu.fukushima.jp/category/bunya/sougoukeikaku/01kosodate/,2026-02-14T19:43:00+09:00,200,https://www.city.aizuwakamatsu.fukushima.jp/category/bunya/sougoukeikaku/01kosodate/,政策分野1_子ども・子育て | 会津若松市,ja,Joruri CMS,,true,true,true,dropdown,false,,true,true,false,,true,false,false,false,,false,true,/docs/2014120900018/,true,false,,false,false,false,,fair,medium,medium,[skip_link] #main 本文へ移動; [breadcrumb] TOP>分野>第7次総合計画>政策分野1; [global_nav] dropdown multilang transLink; [local_nav] department sections こども家庭課 こども保育課; [news_list] 新着情報 12+ items dated; [contact_info] 〒965-8601 0242-39-1111; [accessibility] /docs/2014120900018/ ふりがな text size,,
S0086,福島県,会津若松市,municipality,C,article,https://www.city.aizuwakamatsu.fukushima.jp/docs/2026020300010/,2026-02-14T19:44:00+09:00,200,https://www.city.aizuwakamatsu.fukushima.jp/docs/2026020300010/,河東地域づくり委員会「地域満足度アンケート」の結果を報告します | 会津若松市,ja,Joruri CMS,,true,true,true,dropdown,false,,true,true,false,,false,false,false,false,,true,true,/docs/2014120900018/,true,true,external,true,false,true,pdf,fair,medium,medium,[skip_link] #main; [breadcrumb] TOP>分野>支所>河東支所; [global_nav] dropdown custom theme switcher; [local_nav] sidebar category nav; [contact_info] 0242-75-2113 fax; [contact_form] mail link external; [article_meta] 公開日2026年02月06日 更新日2026年02月06日; [attachments] PDF 地域満足度アンケート 1.3MB; [accessibility] /docs/2014120900018/ font background; [footer_policies] このサイトについて,,
S0095,神奈川県,横浜市,municipality,A,top,https://www.city.yokohama.lg.jp/,2026-02-14T20:00:00+09:00,200,https://www.city.yokohama.lg.jp/,横浜市 - トップページ,ja,custom,,true,true,true,dropdown,true,header,false,true,false,,true,true,true,true,icon,true,true,/aboutweb/webaccessibility/yomiage.html,true,false,,false,false,false,,fair,medium,low,[skip_link] #tmp_honbun 本文へスキップ; [header_brand] img hlogo.png 横浜市; [global_nav] dropdown collapsible メニューを開く; [search] キーワードで探す; [local_nav] ward pages category submenus; [news_list] お知らせ dated entries; [pickup] featured Spring Festival Harbor City; [carousel] image promotional sections; [hub_cards] よく利用される情報 icon+text; [contact_info] 045-664-2525 address hours; [accessibility] /aboutweb/webaccessibility/yomiage.html; [footer_policies] サイトポリシー,,
S0095,神奈川県,横浜市,municipality,A,contact,https://www.city.yokohama.lg.jp/callcenter/call.html,2026-02-14T20:01:00+09:00,200,https://www.city.yokohama.lg.jp/callcenter/call.html,横浜市コールセンター 横浜市,ja,custom,,true,true,true,dropdown,true,header,true,true,false,,false,false,false,true,icon,true,true,/aboutweb/webaccessibility/yomiage.html,true,true,external,true,true,false,,fair,medium,low,[skip_link] #tmp_honbun; [breadcrumb] トップ>コールセンター; [global_nav] multi-level dropdown; [search] キーワードで探す; [local_nav] section links; [hub_cards] illustrated icon cards ごみ分別 粗大ごみ 水道; [contact_info] 045-664-2525 FAX 045-664-2828; [contact_form] 問合せフォーム外部サイト; [article_meta] 最終更新日2026年1月30日; [toc] 4 section anchors; [accessibility] /aboutweb/webaccessibility/yomiage.html; [footer_policies] サイトポリシー 著作権,,
S0095,神奈川県,横浜市,municipality,A,service,https://www.city.yokohama.lg.jp/kosodate-kyoiku/oyakokenko/teate/teate/jite-gaiyou.html,2026-02-14T20:02:00+09:00,200,https://www.city.yokohama.lg.jp/kosodate-kyoiku/oyakokenko/teate/teate/jite-gaiyou.html,児童手当－概要 横浜市,ja,custom,,true,true,true,dropdown,true,header,true,true,false,,false,false,false,true,image,true,false,,true,false,,true,false,true,pdf,fair,medium,low,[skip_link] #tmp_honbun; [breadcrumb] 6-level trail; [global_nav] multi-level hierarchical; [search] キーワードで探す; [local_nav] 関連ページ一覧; [hub_cards] life-scene icon cards 結婚離婚 妊娠出産; [contact_info] 045-641-8411 fax; [article_meta] 最終更新日2025年12月2日; [attachments] PDF 児童手当リーフレット 781KB; [footer_policies] サイトポリシー 著作権,,
S0095,神奈川県,横浜市,municipality,A,hub,https://www.city.yokohama.lg.jp/kosodate-kyoiku/index.html,2026-02-14T20:03:00+09:00,200,https://www.city.yokohama.lg.jp/kosodate-kyoiku/index.html,子育て・教育 横浜市,ja,custom,,true,true,true,mega,true,header,true,true,false,,true,true,false,true,image,true,true,/aboutweb/webaccessibility/yomiage.html,true,false,,false,false,false,,fair,medium,low,[skip_link] #tmp_honbun; [breadcrumb] home>子育て教育; [global_nav] mega-menu 7 categories; [search] キーワードで探す; [local_nav] 9 category links; [news_list] 新着情報 Feb2026; [pickup] おすすめコンテンツ; [hub_cards] 9 sectioned cards with images; [contact_info] 045-664-2525; [accessibility] /aboutweb/webaccessibility/yomiage.html; [footer_policies] サイトポリシー usage guide,,
S0095,神奈川県,横浜市,municipality,A,article,https://www.city.yokohama.lg.jp/city-info/koho-kocho/press/seya/2025/0204seyairodori.html,2026-02-14T20:04:00+09:00,200,https://www.city.yokohama.lg.jp/city-info/koho-kocho/press/seya/2025/0204seyairodori.html,GREEN×EXPO 2027 開催400日前 記念イベント「せや・irodori（彩り）ビレッジ」を開催します 横浜市,ja,custom,,true,true,true,dropdown,true,header,true,true,false,,false,false,false,false,,true,true,/aboutweb/webaccessibility/yomiage.html,true,false,,true,false,true,pdf,fair,medium,low,[skip_link] #tmp_honbun; [breadcrumb] 7-level path; [global_nav] accordion 7 categories; [search] キーワードで探す; [local_nav] 18 ward links; [contact_info] phone fax email; [article_meta] 最終更新日2026年2月4日; [attachments] PDF 記者発表資料 578KB; [accessibility] /aboutweb/webaccessibility/yomiage.html; [footer_policies] サイトポリシー usage,,
S0104,埼玉県,川口市,municipality,B,top,https://www.city.kawaguchi.lg.jp/,2026-02-14T20:00:00+09:00,200,https://www.city.kawaguchi.lg.jp/,ホーム／川口市ホームページ,ja,SMART CMS,,true,true,true,mega,false,,false,true,false,,true,true,true,true,image,false,false,,true,false,,false,false,false,,fair,medium,medium,[skip_link] #container 本文へ移動; [header_brand] 埼玉県川口市 Kawaguchi City Official Site; [global_nav] mega dropdown 7 categories くらし手続き 子育て学校 健康介護; [local_nav] section menus under categories; [news_list] 重要なお知らせ 新着情報 イベント 募集; [pickup] featured notices carousel images; [carousel] image slider 川口駅付近; [hub_cards] 便利なサービス 8 image cards; [contact_info] 048-258-1110 address hours; [accessibility] ReadSpeaker 音声読み上げ,,
S0104,埼玉県,川口市,municipality,B,contact,https://www.city.kawaguchi.lg.jp/homepage/4550.html,2026-02-14T20:01:00+09:00,200,https://www.city.kawaguchi.lg.jp/homepage/4550.html,お問い合わせ先／川口市ホームページ,ja,SMART CMS,,true,true,true,mega,false,,true,true,false,,false,false,false,false,,true,false,,true,true,external,true,false,false,,fair,medium,medium,[skip_link] #container 本文へ移動; [breadcrumb] ホーム>このサイトについて>お問い合わせ先; [global_nav] 7 categories dropdown; [local_nav] section menus; [contact_info] 048-258-1110 8:30-17:15; [contact_form] メールでのお問い合わせ external; [article_meta] 更新日2020年08月19日; [accessibility] ReadSpeaker; [footer_policies] このサイトについて 市政へのご意見 サイトマップ,,
S0104,埼玉県,川口市,municipality,B,service,https://www.city.kawaguchi.lg.jp/soshiki/01080/020/5/2/44350.html,2026-02-14T20:02:00+09:00,200,https://www.city.kawaguchi.lg.jp/soshiki/01080/020/5/2/44350.html,児童手当について／川口市ホームページ,ja,SMART CMS,,true,true,true,mega,false,,true,true,false,,true,false,false,false,,false,false,,true,true,external,true,true,true,pdf,fair,medium,medium,[skip_link] #container; [breadcrumb] ホーム>組織>子ども部>児童手当; [global_nav] 7-item hierarchical; [local_nav] sidebar links 対象児童 支給対象者; [news_list] お知らせ 2 announcements; [contact_info] 子ども部 048-258-1113; [contact_form] email inquiry link; [article_meta] 更新日2024年10月01日; [toc] 参照したい項目をクリック anchor nav; [attachments] 9 PDF downloads forms; [accessibility] ReadSpeaker,,
S0104,埼玉県,川口市,municipality,B,hub,https://www.city.kawaguchi.lg.jp/kurashi_tetsuzuki/gomi_risaikuru/2/index.html,2026-02-14T20:03:00+09:00,200,https://www.city.kawaguchi.lg.jp/kurashi_tetsuzuki/gomi_risaikuru/2/index.html,ごみの分け方・出し方／川口市ホームページ,ja,SMART CMS,,true,true,true,mega,false,,true,true,false,,true,true,false,true,text,false,false,,true,false,,false,false,false,,fair,medium,medium,[skip_link] #container; [breadcrumb] Home>Living>Waste/Recycling; [global_nav] mega 7 categories; [local_nav] sidebar FAQ sorting guide bulk waste; [news_list] 新着情報 placeholder; [pickup] FAQ highlights 5 items; [hub_cards] topic section links Home waste Calendar Sorting; [contact_info] 048-258-1110; [accessibility] ReadSpeaker,,
S0104,埼玉県,川口市,municipality,B,article,https://www.city.kawaguchi.lg.jp/soshiki/06020/010/17/49662.html,2026-02-14T20:04:00+09:00,200,https://www.city.kawaguchi.lg.jp/soshiki/06020/010/17/49662.html,2月1日は川口市長選挙・川口市議会議員補欠選挙の投票日です／川口市ホームページ,ja,SMART CMS,,true,true,true,mega,false,,true,true,false,,true,false,false,false,,true,false,,true,true,external,true,false,true,pdf,fair,medium,medium,[skip_link] #container; [breadcrumb] ホーム>組織>選挙管理委員会; [global_nav] multi-level dropdown; [local_nav] section menu; [news_list] pageListDynBlock dynamic; [contact_info] 選挙管理委員会事務局 phone fax email; [contact_form] inquiry.php external; [article_meta] 更新日2026年02月06日; [attachments] multiple PDF candidate info voting cards; [accessibility] ReadSpeaker; [footer_policies] このサイトについて 市政へのご意見,,
S0111,東京都,新宿区,municipality,C,top,https://www.city.shinjuku.lg.jp/,2026-02-14T20:05:00+09:00,200,https://www.city.shinjuku.lg.jp/,新宿区,ja,custom,,true,true,true,mega,true,header,false,true,false,,true,true,true,true,icon,true,true,/kusei/snjk001055.html,true,true,external,false,false,false,,fair,medium,medium,[skip_link] #main 本文へ; [header_brand] logo /index.html; [global_nav] 6 main categories くらし 観光文化 産業ビジネス; [search] 新宿区サイト内検索; [local_nav] contextual menus; [news_list] 新着情報 2026-02-13; [pickup] carousel 6 featured items; [carousel] image numbered indicators; [hub_cards] テーマから探す 11 thematic icons; [contact_info] 03-3209-9999; [contact_form] ご意見フォーム external; [accessibility] /kusei/snjk001055.html color audio; [footer_policies] 個人情報 アクセシビリティ方針,,
S0111,東京都,新宿区,municipality,C,contact,https://www.city.shinjuku.lg.jp/kusei/file04_00002.html,2026-02-14T20:06:00+09:00,200,https://www.city.shinjuku.lg.jp/kusei/file04_00002.html,しんじゅくコール：新宿区,ja,custom,,true,true,true,dropdown,true,header,true,true,false,,false,false,false,true,text,true,true,/kusei/accessibility_index.html,true,true,external,true,false,false,,fair,medium,low,[skip_link] #container 本文へ; [breadcrumb] ホーム>その他区政情報>広報広聴>区政へのご意見; [global_nav] categorical menus; [search] サイト内検索; [local_nav] related links; [hub_cards] service category cards; [contact_info] 03-3209-9999 fax address; [contact_form] ご意見フォーム opinion form; [article_meta] 最終更新日2026年1月5日 ページID000004801; [accessibility] /kusei/accessibility_index.html; [footer_policies] 個人情報 アクセシビリティ,,
S0111,東京都,新宿区,municipality,C,service,https://www.city.shinjuku.lg.jp/kodomo/file03_04_00004.html,2026-02-14T20:07:00+09:00,200,https://www.city.shinjuku.lg.jp/kodomo/file03_04_00004.html,児童手当：新宿区,ja,custom,,true,true,true,dropdown,true,header,true,true,false,,false,false,false,false,,true,true,/kusei/snjk001055.html,true,false,,true,false,true,pdf,fair,medium,medium,[skip_link] #container 本文へ; [breadcrumb] ホーム>くらし>出産子ども教育>児童手当; [global_nav] sidebar+mobile multi-level; [search] サイト内検索; [local_nav] 手当助成 sidebar; [contact_info] 03-5273-4546 fax address hours; [article_meta] 最終更新日2025年6月6日; [attachments] PDF forms 認定請求書 申立書; [accessibility] /kusei/snjk001055.html; [footer_policies] privacy accessibility,,
S0111,東京都,新宿区,municipality,C,hub,https://www.city.shinjuku.lg.jp/kenkou/index.html,2026-02-14T20:08:00+09:00,200,https://www.city.shinjuku.lg.jp/kenkou/index.html,健康・医療・衛生：新宿区,ja,custom,,true,true,true,dropdown,true,header,true,true,false,,true,true,false,false,,true,true,/kusei/accessibility_index.html,true,false,,true,true,false,,fair,medium,medium,[skip_link] #container; [breadcrumb] ホーム>くらし>健康医療衛生; [global_nav] accordion multi-level; [search] サイト内検索; [local_nav] sidebar 健康医療 感染症予防接種; [news_list] dated announcements 令和7年度; [pickup] 困りごと悩みごと相談窓口一覧; [contact_info] 03-3209-9999 fax hours; [article_meta] ページID000002330; [toc] hierarchical link list; [accessibility] /kusei/accessibility_index.html; [footer_policies] 個人情報 アクセシビリティ,,
S0111,東京都,新宿区,municipality,C,article,https://www.city.shinjuku.lg.jp/whatsnew/pub/2026/0125-01.html,2026-02-14T20:09:00+09:00,200,https://www.city.shinjuku.lg.jp/whatsnew/pub/2026/0125-01.html,約13000人のランナーが新宿のまちを駆け巡る 新宿シティハーフマラソンを開催：新宿区,ja,custom,,true,true,true,dropdown,true,header,true,true,false,,false,false,true,false,,true,true,/kusei/accessibility_index.html,true,true,external,true,false,false,,fair,medium,medium,[skip_link] #container 本文へ; [breadcrumb] Home>その他区政情報>広報広聴>ニュースリリース; [global_nav] multi-level menus; [search] サイト内検索; [local_nav] category sidebar; [carousel] image gallery 4 photos; [contact_info] 〒160-8484 03-3209-1111; [contact_form] opinion form external; [article_meta] 最終更新日2026年1月25日; [accessibility] /kusei/accessibility_index.html; [footer_policies] privacy accessibility usage,,
S0117,東京都,世田谷区,municipality,C,top,https://www.city.setagaya.lg.jp/,2026-02-14T20:05:00+09:00,200,https://www.city.setagaya.lg.jp/,世田谷区公式ホームページ,ja,custom,,true,true,true,dropdown,true,header,false,true,false,,true,true,false,true,text,true,true,/moji/index.html,true,true,external,false,false,false,,fair,medium,low,[skip_link] #tmp_honbun; [header_brand] 世田谷区 heading; [global_nav] vertical list 閲覧支援 Foreign Language; [search] multiple query methods keyword; [local_nav] 5 geographic areas; [news_list] お知らせ 12+ dated items; [pickup] featured content boxes; [hub_cards] life scenes organization nav grid; [contact_info] せたがやコール 03-5432-3333; [contact_form] 入力フォーム tayori.com; [accessibility] /moji/index.html font color audio; [footer_policies] terms privacy copyright sitemap,,
S0117,東京都,世田谷区,municipality,C,contact,https://www.city.setagaya.lg.jp/02002/25858.html,2026-02-14T20:06:00+09:00,200,https://www.city.setagaya.lg.jp/02002/25858.html,区へのご意見・問い合わせ | 世田谷区公式ホームページ,ja,custom,Graffer,true,true,true,dropdown,true,header,true,true,false,,false,false,false,false,,true,true,/moji/index.html,true,true,external,true,true,true,mixed,fair,medium,low,[skip_link] #tmp_honbun; [breadcrumb] ホーム>区政情報>区政への参加; [global_nav] accordion; [search] キーワード+ページID; [local_nav] sidebar contact categories; [contact_info] 03-5432-3333 fax 03-5432-3100; [contact_form] tayori.com external form; [article_meta] 最終更新日2026年1月6日 ページID25858; [toc] 目次 section links; [attachments] PDF DOCX FAQ guide FAX forms; [accessibility] /moji/index.html voice reading; [footer_policies] サイトについて 個人情報 著作権,,
S0117,東京都,世田谷区,municipality,C,service,https://www.city.setagaya.lg.jp/mokuji/kodomo/008/002/d00039056.html,2026-02-14T20:07:00+09:00,404,,,,,,false,false,false,,false,,false,false,false,,false,false,false,false,,false,false,,false,false,,false,false,false,,,,,HTTP 404 - page not found,,
S0117,東京都,世田谷区,municipality,C,hub,https://www.city.setagaya.lg.jp/kodomokyouiku/kosodate/13020.html,2026-02-14T20:08:00+09:00,200,https://www.city.setagaya.lg.jp/kodomokyouiku/kosodate/13020.html,子育て・教育に関する手当 | 世田谷区公式ホームページ,ja,custom,,true,true,true,dropdown,true,header,true,true,false,,false,true,false,false,,true,true,/moji/index.html,true,true,external,true,false,false,,fair,medium,low,[skip_link] #tmp_honbun; [breadcrumb] トップ>子ども教育>子育て教育手当; [global_nav] horizontal dropdowns; [search] キーワード+ページID; [local_nav] district region nav; [pickup] 5 related links 物価高対応手当 児童手当; [contact_info] せたがやコール 03-5432-3333; [contact_form] 入力フォーム tayori.com; [article_meta] ページID13020; [accessibility] /moji/index.html; [footer_policies] サイトについて 個人情報 著作権,,
S0117,東京都,世田谷区,municipality,C,article,https://www.city.setagaya.lg.jp/02006/31154.html,2026-02-14T20:09:00+09:00,200,https://www.city.setagaya.lg.jp/02006/31154.html,企画総務委員会（令和8年2月3日開催） | 世田谷区公式ホームページ,ja,custom,,true,true,true,dropdown,true,header,true,true,false,,false,true,false,false,,true,true,/moji/index.html,true,true,external,true,true,true,pdf,fair,medium,low,[skip_link] #tmp_honbun; [breadcrumb] トップ>区政情報; [global_nav] dropdown menus; [search] キーワード+ページID; [local_nav] regional district subnavs; [pickup] related committee meeting links; [hub_cards] grouped agenda items with PDF links; [contact_info] 総務部総務課 03-5432-2062; [contact_form] tayori.com inquiry; [article_meta] 最終更新日2026年2月5日; [toc] 目次 numbered sections; [attachments] 19 agenda items 12 reports PDF KB sizes; [accessibility] /moji/index.html voice reading; [footer_policies] サイトについて 個人情報 著作権,,
S0118,東京都,渋谷区,municipality,C,top,https://www.city.shibuya.tokyo.jp/,2026-02-14T20:05:00+09:00,200,https://www.city.shibuya.tokyo.jp/,渋谷区公式サイト | 渋谷区ポータル,ja,microCMS,Nuxt/Vue.js,false,true,true,dropdown,true,header,false,true,false,,true,true,true,true,icon,true,true,/guide/website/list/accessibility.html,true,false,,false,false,false,,fair,medium,low,[header_brand] logo.svg ちがいをちからに変える街渋谷区; [global_nav] tab-based トップ 調べる 手続き お問い合わせ; [search] Googleカスタム検索; [local_nav] category event nav; [news_list] 渋谷からのお知らせ 4 dated entries; [pickup] リンクピックアップ 20 pictogram cards; [carousel] スライド再生停止 manual carousel; [hub_cards] pictogram cards 14.5% width grid; [contact_info] 03-3463-1211 address hours; [accessibility] /guide/website/list/accessibility.html; [footer_policies] サイトポリシー アクセシビリティ方針,,
S0118,東京都,渋谷区,municipality,C,contact,https://www.city.shibuya.tokyo.jp/kusei/kocho/opinionindex/inquiry.html,2026-02-14T20:06:00+09:00,200,https://www.city.shibuya.tokyo.jp/kusei/kocho/opinionindex/inquiry.html,各種お問い合わせ | 区へのお問い合わせ・ご意見・ご要望 | 渋谷区ポータル,ja,microCMS,Nuxt/Vue.js,false,true,true,dropdown,true,header,true,true,false,,true,false,false,false,,true,true,/guide/website/list/accessibility.html,true,true,external,true,true,false,,fair,medium,low,[header_brand] logo.svg; [global_nav] 7 nav-items Vue component; [search] Googleカスタム検索; [breadcrumb] TOP>区政情報>広聴>お問い合わせ; [local_nav] sidebar FAQ applications; [news_list] notification list dated; [hub_cards] 7 category cards pictogram icons; [contact_info] 03-3463-1211; [contact_form] WEB問い合わせフォーム+有人チャット external; [article_meta] 2025年10月7日; [toc] anchor links; [accessibility] /guide/website/list/accessibility.html; [footer_policies] サイトポリシー アクセシビリティ方針,,
S0118,東京都,渋谷区,municipality,C,service,https://www.city.shibuya.tokyo.jp/kodomo/kodomo-teate-josei/kodomo-teate/jido_t.html,2026-02-14T20:07:00+09:00,200,https://www.city.shibuya.tokyo.jp/kodomo/kodomo-teate-josei/kodomo-teate/jido_t.html,児童手当 | 手当 | 渋谷区ポータル,ja,microCMS,Nuxt/Vue.js,false,true,true,dropdown,true,header,true,true,false,,true,false,false,false,,true,true,/guide/website/list/accessibility.html,true,true,external,true,true,true,pdf,fair,medium,low,[header_brand] logo.svg; [global_nav] icon-labeled 7 items; [search] Googleカスタム検索; [breadcrumb] TOP>子育て教育>手当助成>手当; [local_nav] sidebar FAQ applications emergency; [news_list] notification PWA data; [hub_cards] 7 category tiles icons; [contact_info] 子ども青少年課 03-3463-2558; [contact_form] お問い合わせフォーム外部サイト; [article_meta] 更新日2025年8月4日; [toc] 8 anchor-linked sections h2; [attachments] 7 PDF forms 認定請求書 183KB; [accessibility] /guide/website/list/accessibility.html; [footer_policies] サイトポリシー アクセシビリティ方針,,
S0118,東京都,渋谷区,municipality,C,hub,https://www.city.shibuya.tokyo.jp/kodomo/kodomo-teate-josei/kodomo-teate/,2026-02-14T20:08:00+09:00,200,https://www.city.shibuya.tokyo.jp/kodomo/kodomo-teate-josei/kodomo-teate/,手当 | 子どもの手当・助成 | 渋谷区ポータル,ja,microCMS,Nuxt/Vue.js,false,true,true,dropdown,true,header,true,true,false,,true,true,false,true,icon,true,true,/guide/website/list/accessibility.html,true,false,,false,false,false,,fair,low,low,[header_brand] logo.svg; [global_nav] primary+secondary 7 items; [search] Googleカスタム検索; [breadcrumb] TOP>子育て教育>手当助成; [local_nav] sidebar 6 category links; [news_list] 新着情報 dated 2026年1月19日; [pickup] featured content category thumbnails; [hub_cards] 6 category cards icons titles; [contact_info] 03-3463-1211; [accessibility] /guide/website/list/accessibility.html; [footer_policies] サイトポリシー アクセシビリティ方針,,
S0118,東京都,渋谷区,municipality,C,article,https://www.city.shibuya.tokyo.jp/contents/koho-news/1602/20260215_bousai.html,2026-02-14T20:09:00+09:00,200,https://www.city.shibuya.tokyo.jp/contents/koho-news/1602/20260215_bousai.html,【防災・安全・環境・エネルギー】人のつながりと意識が未来を守る街へ。| 区政情報 | 渋谷区ポータル,ja,microCMS,Nuxt/Vue.js,false,true,true,dropdown,true,header,true,false,false,,true,true,false,false,,true,true,/guide/website/list/accessibility.html,true,false,,true,false,true,pdf,fair,medium,low,[header_brand] logo.svg; [global_nav] 7 main items くらし 健康福祉; [search] Googleカスタム検索; [breadcrumb] TOP>区政情報>しぶや区ニュース>令和8年2月15日号; [news_list] linked news items 建築物防災週間; [pickup] ピアニスト featured article; [hub_cards] 7 circular category buttons icons; [contact_info] 03-3463-1211 〒150-8010; [article_meta] 令和8年2月15日号; [attachments] PDF 令和8年2月15日号 13597KB; [accessibility] /guide/website/list/accessibility.html; [footer_policies] サイトマップ サイトポリシー アクセシビリティ方針,,
S0139,東京都,小笠原村,municipality,D,top,https://www.vill.ogasawara.tokyo.jp/,2026-02-14T22:32:00+09:00,200,https://www.vill.ogasawara.tokyo.jp/,小笠原村公式サイト,,WordPress,,true,true,true,dropdown,true,header,false,false,false,,true,true,true,true,text,true,true,/webaccessibility_guidelines/,true,false,,false,false,false,,fair,medium,medium,[skip] a#pagetop 本文に移動する; [brand] logo 小笠原村; [gnav] dropdown nav; [search] header search; [news] お知らせ date+link; [pickup] トピックス; [carousel] image slider; [hub] text cards 手続き・届出/出産・子育て; [footer] 個人情報保護; [a11y] ウェブアクセシビリティ; [contact] TEL:04998-2-3111,,
S0139,東京都,小笠原村,municipality,D,contact,https://www.vill.ogasawara.tokyo.jp/toiawase/,2026-02-14T22:32:00+09:00,200,https://www.vill.ogasawara.tokyo.jp/toiawase/,お問い合わせ ｜ 小笠原村公式サイト,,WordPress,,true,true,true,dropdown,true,header,true,false,false,,false,false,false,false,,true,true,/webaccessibility_guidelines/,true,true,simple,false,false,false,,fair,low,low,[skip] a#pagetop; [brand] logo; [gnav] dropdown; [search] header; [bread] ホーム > お問い合わせ; [footer] 個人情報保護; [a11y] ウェブアクセシビリティ; [contact] 〒100-2101 TEL:04998-2-3111; [form] CF7 multi-field form,,
S0139,東京都,小笠原村,municipality,D,hub,https://www.vill.ogasawara.tokyo.jp/sonmin/kosodate/,2026-02-14T22:33:00+09:00,200,https://www.vill.ogasawara.tokyo.jp/sonmin/kosodate/,子育て支援 ｜ 小笠原村公式サイト,,WordPress,,true,true,true,dropdown,true,header,true,true,false,,false,false,false,false,,true,true,/webaccessibility_guidelines/,true,false,,false,false,true,mixed,fair,low,low,[skip] a#pagetop; [brand] logo; [gnav] dropdown; [search] header; [bread] ホーム > 村民課 > 子育て支援; [local] sidebar 村民課; [footer] 個人情報保護; [a11y] ウェブアクセシビリティ; [contact] 村民課福祉係 TEL:2-3939; [attach] PDF+Word docs,,
S0153,石川県,金沢市,municipality,B,top,https://www4.city.kanazawa.lg.jp/,2026-02-14T22:35:00+09:00,200,https://www4.city.kanazawa.lg.jp/,ホーム／金沢市公式ホームページ いいね金沢,,SMART CMS,,true,true,true,dropdown,false,,false,false,true,banner,true,true,false,true,icon,true,true,https://www4.city.kanazawa.lg.jp/19177.html,true,false,,false,false,false,,fair,medium,medium,[skip] a#container 本文へ; [brand] logo 金沢市; [gnav] dropdown 6categories; [emergency] 大雪に関する情報/油流出事故; [news] 新着情報/お知らせ; [pickup] ピックアップ; [hub] icon cards よく利用されるメニュー; [footer] 個人情報/著作権; [a11y] アクセシビリティ; [contact] 〒920-8577 TEL:076-220-2111,,
S0153,石川県,金沢市,municipality,B,contact,https://www4.city.kanazawa.lg.jp/23047.html,2026-02-14T22:35:00+09:00,200,https://www4.city.kanazawa.lg.jp/23047.html,市役所へのアクセス／金沢市公式ホームページ いいね金沢,,SMART CMS,,true,true,true,dropdown,false,,true,false,false,,false,false,false,false,,true,true,https://www4.city.kanazawa.lg.jp/19177.html,true,true,external,false,false,false,,fair,medium,medium,[skip] a#container; [brand] logo; [gnav] dropdown; [bread] ホーム>市役所へのアクセス; [footer] 個人情報; [a11y] アクセシビリティ; [contact] 〒920-8577 TEL:076-220-2111; [form] inquiry.php external,,
S0153,石川県,金沢市,municipality,B,service,https://www4.city.kanazawa.lg.jp/soshikikarasagasu/kosodateshienka/gyomuannai/2/1/9397.html,2026-02-14T22:36:00+09:00,200,https://www4.city.kanazawa.lg.jp/soshikikarasagasu/kosodateshienka/gyomuannai/2/1/9397.html,児童手当制度について／金沢市公式ホームページ いいね金沢,,SMART CMS,,true,true,true,dropdown,false,,true,true,false,,false,false,false,false,,true,true,https://www4.city.kanazawa.lg.jp/19177.html,true,true,external,false,false,true,pdf,fair,medium,medium,[skip] a#container; [brand] logo; [gnav] dropdown; [bread] 組織>子育て支援課>児童手当; [local] sidebar org nav; [footer] 個人情報; [a11y] アクセシビリティ; [contact] TEL:076-220-2285; [form] inquiry.php; [attach] マイナポータル操作方法 PDF 627.5KB,,
S0153,石川県,金沢市,municipality,B,hub,https://www4.city.kanazawa.lg.jp/kosodate_kyoiku/jidoteate_jidofuyoteate/index.html,2026-02-14T22:36:00+09:00,200,https://www4.city.kanazawa.lg.jp/kosodate_kyoiku/jidoteate_jidofuyoteate/index.html,児童手当・児童扶養手当／金沢市公式ホームページ いいね金沢,,SMART CMS,,true,true,true,dropdown,false,,true,true,false,,false,false,false,false,,true,true,https://www4.city.kanazawa.lg.jp/19177.html,true,false,,false,false,false,,fair,medium,low,[skip] a#container; [brand] logo; [gnav] dropdown; [bread] ホーム>子育て・教育>児童手当; [local] 子育て・教育 sub-nav; [footer] 個人情報; [a11y] アクセシビリティ; [contact] 〒920-8577 TEL:076-220-2111,,
S0153,石川県,金沢市,municipality,B,article,https://www4.city.kanazawa.lg.jp/news/30509.html,2026-02-14T22:37:00+09:00,200,https://www4.city.kanazawa.lg.jp/news/30509.html,令和7年分の保険料納付済額のお知らせについて,,SMART CMS,,true,true,true,dropdown,false,,true,false,false,,false,false,false,false,,true,true,https://www4.city.kanazawa.lg.jp/19177.html,true,true,external,false,false,false,,fair,low,medium,[skip] a#container; [brand] logo; [gnav] dropdown; [bread] ホーム>お知らせ; [footer] 個人情報; [a11y] アクセシビリティ; [contact] 保険年金課 050-1792-1620; [form] お問い合わせフォーム link,,
S0162,新潟県,長岡市,municipality,C,top,https://www.city.nagaoka.niigata.jp/,2026-02-14T22:40:00+09:00,200,https://www.city.nagaoka.niigata.jp/,長岡市公式サイト,,,,false,true,true,drawer,true,header,false,false,false,,false,true,true,true,image,true,true,https://www.city.nagaoka.niigata.jp/other/accessibility.html,true,false,,false,false,false,,poor,medium,low,[brand] logo 長岡市公式サイト; [gnav] drawer 6categories; [search] icon search; [pickup] ピックアップ 3items; [carousel] play/pause slider; [hub] image cards; [footer] アクセシビリティ/個人情報/免責; [a11y] アクセシビリティ; [contact] 〒940-8501 TEL:0258-35-1122,,
S0162,新潟県,長岡市,municipality,C,contact,https://www.city.nagaoka.niigata.jp/other/toiawase.html,2026-02-14T22:40:00+09:00,200,https://www.city.nagaoka.niigata.jp/other/toiawase.html,お問い合わせ - 長岡市,,,,false,true,true,horizontal,true,header,false,false,false,,false,false,false,false,,true,true,https://www.city.nagaoka.niigata.jp/other/accessibility.html,true,false,,false,false,false,,poor,medium,low,[brand] logo; [gnav] horizontal 6items; [search] icon; [footer] アクセシビリティ/個人情報/免責; [a11y] アクセシビリティ; [contact] 〒940-8501 TEL:0258-35-1122 hours,,
S0162,新潟県,長岡市,municipality,C,service,https://www.city.nagaoka.niigata.jp/kosodate/cate01/child-allowance/index.html,2026-02-14T22:41:00+09:00,200,https://www.city.nagaoka.niigata.jp/kosodate/cate01/child-allowance/index.html,児童手当 - 長岡市,,,,false,true,true,horizontal,true,header,true,false,false,,false,false,false,false,,true,true,https://www.city.nagaoka.niigata.jp/other/accessibility.html,true,false,,false,false,false,,fair,low,low,[brand] logo; [gnav] horizontal; [search] icon; [bread] トップ>子育て・教育>妊娠・出産>児童手当; [footer] 個人情報/免責; [a11y] アクセシビリティ; [contact] 子ども政策課 TEL:0258-39-2355,,
S0162,新潟県,長岡市,municipality,C,hub,https://www.city.nagaoka.niigata.jp/kosodate/index.html,2026-02-14T22:41:00+09:00,200,https://www.city.nagaoka.niigata.jp/kosodate/index.html,子育て・教育 - 長岡市,,,,false,true,true,horizontal,true,header,true,true,false,,true,true,false,true,icon,true,true,https://www.city.nagaoka.niigata.jp/other/accessibility.html,true,false,,false,false,false,,poor,medium,medium,[brand] logo; [gnav] horizontal; [search] icon; [bread] トップ>子育て・教育; [local] submenu 妊娠・出産/子育て/学校教育; [news] 更新情報 dated entries; [pickup] トピックス; [hub] icon cards; [footer] アクセシビリティ/個人情報; [a11y] アクセシビリティ; [contact] TEL:0258-35-1122,,
S0162,新潟県,長岡市,municipality,C,article,https://www.city.nagaoka.niigata.jp/shisei/cate02/blog/20260104-1.html,2026-02-14T22:42:00+09:00,200,https://www.city.nagaoka.niigata.jp/shisei/cate02/blog/20260104-1.html,防火・防災の決意新たに！消防出初式 - 長岡市,,,,false,true,true,horizontal,true,header,true,false,false,,false,false,false,false,,true,true,https://www.city.nagaoka.niigata.jp/other/accessibility.html,true,false,,true,false,true,pdf,fair,medium,medium,[brand] logo; [gnav] horizontal; [search] icon; [bread] トップ>市政>広報>広報な毎日; [footer] アクセシビリティ/個人情報/免責; [a11y] アクセシビリティ; [contact] 〒940-8501 TEL:0258-35-1122; [meta] 投稿日 2026年1月4日; [attach] 市政だより PDF,,
S0178,新潟県,佐渡市,municipality,D,top,https://www.city.sado.niigata.jp/,2026-02-14T22:44:00+09:00,200,https://www.city.sado.niigata.jp/,佐渡市公式ホームページ,,,,true,true,true,horizontal,false,,false,false,false,,false,false,true,false,,false,false,,true,false,,false,false,false,,poor,medium,medium,[skip] a#skip メニューを飛ばして本文へ; [brand] logo 佐渡市; [gnav] horizontal text nav; [carousel] image slider 4photos; [contact] 〒952-1292 Tel:0259-63-3111,,
S0178,新潟県,佐渡市,municipality,D,service,https://www.city.sado.niigata.jp/soshiki/2010/3996.html,2026-02-14T22:44:00+09:00,404,,,,,,false,false,false,,false,,false,false,false,,false,false,false,false,,false,false,,false,false,,false,false,false,,,,,HTTP 404 - page not found,,
S0178,新潟県,佐渡市,municipality,D,hub,https://www.city.sado.niigata.jp/life/1/9/56/,2026-02-14T22:45:00+09:00,200,https://www.city.sado.niigata.jp/life/1/9/56/,子育て支援 - 新潟県佐渡市公式ホームページ,,,,true,true,true,horizontal,true,header,true,true,false,,true,true,false,false,,true,true,/soshiki/2002/71541.html,true,true,external,false,false,false,,fair,medium,medium,[skip] a#skip; [brand] logo; [gnav] horizontal categories; [search] Googleカスタム検索; [bread] トップ>くらしの情報>子育て; [local] sidebar おすすめ/お知らせ/関連; [news] お知らせ 27+ dated; [pickup] おすすめ情報 6items; [footer] 著作権/個人情報; [a11y] アクセシビリティ; [contact] 〒952-1292 Tel:0259-63-3111; [form] お問い合わせ link,,
S0201,兵庫県,姫路市,municipality,B,top,https://www.city.himeji.lg.jp/,2026-02-14T22:48:00+09:00,200,https://www.city.himeji.lg.jp/,姫路市,,KanaboWeb,,true,true,true,drawer,true,header,false,false,false,,true,true,true,true,image,true,true,/site_policy/0000000010.html,true,false,,false,false,false,,fair,medium,low,[skip] a#HONBUN 本文へ; [brand] logo 姫路市役所; [gnav] drawer 5categories; [search] 情報を探す検索; [news] 新着情報 5items; [pickup] 注目情報 3items; [carousel] Instagram slider 3slides; [hub] image cards 魅力情報; [footer] プライバシー/著作権; [a11y] ウェブアクセシビリティ; [contact] 079-221-2111,,
S0201,兵庫県,姫路市,municipality,B,contact,https://www.city.himeji.lg.jp/anzen/0000007110.html,2026-02-14T22:48:00+09:00,200,https://www.city.himeji.lg.jp/anzen/0000007110.html,休日・夜間の窓口案内 | 姫路市,,KanaboWeb,,true,true,true,drawer,true,header,true,true,false,,false,false,false,false,,true,true,/site_policy/0000000010.html,true,false,,true,true,false,,fair,medium,low,[skip] a#HONBUN; [brand] logo; [gnav] drawer; [search] 情報を探す; [bread] ホーム>安全・安心>いざというとき; [local] 同じ分類から探す 13links; [footer] プライバシー/著作権; [a11y] ウェブアクセシビリティ; [contact] 〒670-8501 079-221-2111; [meta] 更新日:2025年9月18日; [toc] ページ内目次 4sections,,
S0201,兵庫県,姫路市,municipality,B,service,https://www.city.himeji.lg.jp/waku2child/0000013458.html,2026-02-14T22:49:00+09:00,200,https://www.city.himeji.lg.jp/waku2child/0000013458.html,児童手当 | わくわくチャイルド,,KanaboWeb,,true,true,true,horizontal,true,header,true,true,false,,false,false,false,false,,true,true,/site_policy/0000000010.html,true,false,,true,true,true,pdf,fair,medium,low,[skip] a#HONBUN; [brand] waku2child logo; [gnav] horizontal 8categories icons; [search] 情報を探す; [bread] ホーム>手当・助成>育児; [local] 同じ分類 7links; [footer] policy links; [a11y] ウェブアクセシビリティ; [contact] こども支援課 079-221-2312; [meta] 更新日:2026年2月6日; [toc] ページ内目次 13sections; [attach] PDF 認定請求書/委任状/確認書,,
S0201,兵庫県,姫路市,municipality,B,hub,https://www.city.himeji.lg.jp/kurashi/index.html,2026-02-14T22:49:00+09:00,200,https://www.city.himeji.lg.jp/kurashi/index.html,くらし・手続き | 姫路市,,KanaboWeb,,true,true,true,drawer,true,header,true,true,false,,true,false,false,true,icon,true,true,/site_policy/0000000010.html,true,false,,false,false,false,,fair,medium,low,[skip] a#HONBUN; [brand] logo; [gnav] drawer expandable; [search] 情報を探す; [bread] ホーム>くらし・手続き; [local] 12 submenu sections; [news] 特にお知らせしたいこと dated; [hub] icon cards ライフシーンで探す 8items; [footer] プライバシー/著作権; [a11y] ウェブアクセシビリティ; [contact] 079-221-2111,,
S0201,兵庫県,姫路市,municipality,B,article,https://www.city.himeji.lg.jp/shisei/0000032587.html,2026-02-14T22:50:00+09:00,200,https://www.city.himeji.lg.jp/shisei/0000032587.html,投票のお知らせ券がなくても投票することができます！| 姫路市,,KanaboWeb,,true,true,true,drawer,true,header,true,true,false,,false,false,false,false,,true,true,/site_policy/0000000010.html,true,true,external,true,false,false,,fair,medium,low,[skip] a#HONBUN; [brand] logo; [gnav] drawer; [search] 情報を探す; [bread] ホーム>市政情報>広報>記者発表; [local] 同じ分類から探す; [footer] プライバシー/著作権; [a11y] ウェブアクセシビリティ; [contact] 079-221-2807; [form] shareform.php external; [meta] 更新日:2026年1月23日,,
S0204,三重県,四日市市,municipality,C,top,https://www.city.yokkaichi.lg.jp/,2026-02-14T22:52:00+09:00,200,https://www.city.yokkaichi.lg.jp/,トップページ - 四日市市役所,,Joruri CMS,,true,true,true,drawer,true,header,false,false,false,,true,true,false,true,icon,true,true,/www/contents/1491197780106/index.html,true,false,,false,false,false,,poor,medium,medium,[skip] a#main/#menu; [brand] logo 四日市市役所; [gnav] drawer menu; [search] キーワード検索; [news] 新着情報 dated; [pickup] 注目情報 7items; [hub] icon cards ライフメニュー; [footer] サイトポリシー/著作権/個人情報; [a11y] ウェブ・アクセシビリティー; [contact] 3 phone numbers,,
S0204,三重県,四日市市,municipality,C,service,https://www.city.yokkaichi.lg.jp/www/contents/1740701284355/index.html,2026-02-14T22:52:00+09:00,200,https://www.city.yokkaichi.lg.jp/www/contents/1740701284355/index.html,児童手当 | 四日市市役所,,Joruri CMS,,true,true,true,drawer,true,header,true,false,false,,false,false,false,false,,false,false,,true,false,,true,false,false,,fair,medium,medium,[skip] a#main/#menu; [brand] logo; [gnav] drawer; [search] キーワード検索; [bread] トップ>子育てエンジョイ>手当・医療費>児童手当; [contact] こども手当課 059-354-8083; [meta] 更新日:2026年2月13日,,
S0204,三重県,四日市市,municipality,C,article,https://www.city.yokkaichi.lg.jp/www/contents/1767598860957/index.html,2026-02-14T22:53:00+09:00,200,https://www.city.yokkaichi.lg.jp/www/contents/1767598860957/index.html,四日市市物価高騰対応臨時特別給付金,,Joruri CMS,,true,true,true,drawer,true,header,true,false,false,,false,false,false,false,,false,false,,true,false,,true,false,false,,fair,medium,medium,[skip] a#main/#menu; [brand] logo; [gnav] drawer; [search] キーワード検索; [bread] トップ>市民の方へ; [contact] 生活支援給付金室 059-354-8241; [meta] 更新日:2026年2月2日,,
S0234,山口県,山口市,municipality,C,top,https://www.city.yamaguchi.lg.jp/,2026-02-14T22:55:00+09:00,200,https://www.city.yamaguchi.lg.jp/,山口市ウェブサイト トップページ,,,,true,true,true,horizontal,true,header,false,false,false,,true,true,true,true,image,true,true,/site/userguide/11128.html,true,false,,false,false,false,,fair,medium,medium,[skip] 本文へ; [brand] logo 山口市; [gnav] horizontal くらし/しごと/観光/市政; [search] Google Custom Search; [news] 重要なお知らせ/市政トピックス dated; [pickup] おすすめ carousel; [carousel] rotating banner; [hub] image cards banners; [footer] 個人情報/著作権; [a11y] アクセシビリティ; [contact] 083-922-4111,,
S0234,山口県,山口市,municipality,C,contact,https://www.city.yamaguchi.lg.jp/ques/questionnaire.php?openid=3,2026-02-14T22:55:00+09:00,200,https://www.city.yamaguchi.lg.jp/ques/questionnaire.php?openid=3,市へのご意見お問い合わせ - 山口市ウェブサイト,,,,true,true,true,horizontal,true,header,true,false,false,,false,false,false,false,,true,true,/site/userguide/11128.html,true,false,,false,false,false,,poor,medium,low,[skip] a#skip メニューを飛ばして本文へ; [brand] logo; [gnav] horizontal; [search] Google Custom Search; [bread] トップ>市へのご意見お問い合わせ; [footer] 個人情報/著作権; [a11y] アクセシビリティ; [contact] 083-922-4111,,
S0234,山口県,山口市,municipality,C,service,https://www.city.yamaguchi.lg.jp/site/kodomo/3711.html,2026-02-14T22:56:00+09:00,200,https://www.city.yamaguchi.lg.jp/site/kodomo/3711.html,児童手当 - 山口市子育て応援サイト,,,,true,true,true,horizontal,true,header,true,true,false,,false,false,false,false,,true,true,/site/userguide/11128.html,true,true,external,true,false,true,pdf,fair,medium,medium,[skip] a#main 本文へ; [brand] 子育て応援サイト logo; [gnav] horizontal 8icons; [search] Googleカスタム検索; [bread] トップ>くらし>児童福祉>児童手当; [local] multi-level sidebar; [footer] 個人情報/著作権; [a11y] アクセシビリティ; [contact] こども未来課 083-934-2797; [form] email form link; [meta] 掲載日:2024年9月1日更新; [attach] PDF 8forms 認定請求書等,,
S0234,山口県,山口市,municipality,C,hub,https://www.city.yamaguchi.lg.jp/life/1/,2026-02-14T22:56:00+09:00,200,https://www.city.yamaguchi.lg.jp/life/1/,くらしの情報 - 山口市ウェブサイト,,,,true,true,true,horizontal,true,header,true,true,false,,true,true,true,true,text,true,true,/site/userguide/11128.html,true,true,external,false,false,false,,fair,medium,medium,[skip] a#main; [brand] logo; [gnav] horizontal; [search] Google Custom; [bread] トップ>くらしの情報; [local] 11 category sections; [news] 新着情報 dated; [pickup] pickup carousel; [carousel] image carousel; [hub] text cards 出産・育児/引越; [footer] 個人情報/著作権; [a11y] アクセシビリティ; [contact] 083-922-4111; [form] questionnaire.php,,
S0234,山口県,山口市,municipality,C,article,https://www.city.yamaguchi.lg.jp/soshiki/16/188549.html,2026-02-14T22:57:00+09:00,200,https://www.city.yamaguchi.lg.jp/soshiki/16/188549.html,ウェブサイトのシステムメンテナンスのお知らせ - 山口市,,,,true,true,true,horizontal,true,header,true,false,false,,false,false,false,false,,true,true,/site/userguide/11128.html,true,true,external,true,false,false,,fair,medium,medium,[skip] a#skip 本文へ; [brand] logo; [gnav] horizontal; [search] Google Custom; [bread] トップ>組織>広報広聴課; [footer] 個人情報/著作権; [a11y] アクセシビリティ; [contact] 広報広聴課 083-934-2753; [form] email inquiry; [meta] 更新日:2026年2月10日,,
S0238,広島県,東広島市,municipality,C,top,https://www.city.higashihiroshima.lg.jp/,2026-02-14T22:59:00+09:00,200,https://www.city.higashihiroshima.lg.jp/,東広島市ホームページ,,SMART CMS,,true,true,true,horizontal,true,header,false,false,true,banner,true,true,false,true,icon,true,false,,true,false,,false,false,false,,poor,medium,medium,[skip] a#container 本文へ; [brand] logo 東広島市; [gnav] horizontal 4categories; [search] keyword search; [emergency] インフルエンザ感染拡大中/凍結注意; [news] 新着情報; [pickup] featured thumbnails; [hub] icon cards 12 scene-based; [footer] 個人情報/著作権; [contact] 〒739-8601 082-422-2111,,
S0238,広島県,東広島市,municipality,C,contact,https://www.city.higashihiroshima.lg.jp/toiawase.html,2026-02-14T22:59:00+09:00,200,https://www.city.higashihiroshima.lg.jp/toiawase.html,ご意見・お問い合わせ／東広島市ホームページ,,SMART CMS,,true,true,true,horizontal,true,header,true,false,false,,false,false,false,false,,true,false,,true,true,simple,false,false,false,,fair,low,medium,[skip] a#container; [brand] logo; [gnav] horizontal; [search] keyword; [bread] ホーム>ご意見・お問い合わせ; [footer] 個人情報/著作権; [contact] 〒739-8601 082-422-2111; [form] inquiry.php simple form,,
S0238,広島県,東広島市,municipality,C,service,https://www.city.higashihiroshima.lg.jp/soshiki/kodomomirai/1/5/3022.html,2026-02-14T23:00:00+09:00,200,https://www.city.higashihiroshima.lg.jp/soshiki/kodomomirai/1/5/3022.html,児童手当／東広島市ホームページ,,SMART CMS,,true,true,true,dropdown,true,header,true,true,false,,false,false,false,false,,true,false,,true,true,external,true,false,true,pdf,poor,medium,medium,[skip] a#container; [brand] logo; [gnav] dropdown; [search] keyword; [bread] ホーム>こども家庭課>児童手当; [local] sidebar 各種手当; [footer] 個人情報/著作権; [contact] こども家庭課 phone/fax; [form] email form; [meta] 更新日:2025年07月14日; [attach] PDF 8forms 認定請求書等,,
S0238,広島県,東広島市,municipality,C,hub,https://www.city.higashihiroshima.lg.jp/kurashi/index.html,2026-02-14T23:00:00+09:00,200,https://www.city.higashihiroshima.lg.jp/kurashi/index.html,くらしの情報／東広島市ホームページ,,SMART CMS,,true,true,true,horizontal,true,header,true,true,false,,true,false,false,true,text,true,false,,true,false,,false,false,false,,fair,medium,medium,[skip] a#container; [brand] logo; [gnav] horizontal; [search] keyword; [bread] ホーム>くらしの情報; [local] category links 届出/税金/住まい; [news] 新着情報 dynamic JSON; [hub] text cards categories; [footer] 個人情報/著作権; [contact] 082-422-2111,,
S0238,広島県,東広島市,municipality,C,article,https://www.city.higashihiroshima.lg.jp/soshiki/somu/2/1/8/2/1/44657.html,2026-02-14T23:01:00+09:00,200,https://www.city.higashihiroshima.lg.jp/soshiki/somu/2/1/8/2/1/44657.html,一般競争入札【令和8年2月5日公告】／東広島市,,SMART CMS,,true,true,true,horizontal,true,header,true,true,false,,false,false,false,false,,true,false,,true,true,external,true,false,true,mixed,fair,medium,medium,[skip] a#container; [brand] logo; [gnav] horizontal; [search] keyword; [bread] ホーム>組織>総務部>契約課; [local] sidebar nav; [footer] 個人情報/著作権; [contact] 契約課 phone/fax; [form] email inquiry; [meta] 更新日:2026年02月05日; [attach] PDF+Word 公告/仕様書/入札書/質問書,,
S0250,愛媛県,松山市,municipality,B,top,https://www.city.matsuyama.ehime.jp/,2026-02-14T23:03:00+09:00,200,https://www.city.matsuyama.ehime.jp/,松山市公式ホームページ,,,,true,true,true,drawer,false,,false,false,false,,true,true,true,true,icon,true,false,,true,false,,false,false,false,,poor,medium,medium,[skip] a#CONT メニューを飛ばして本文へ; [brand] logo 松山市; [gnav] drawer toggle; [news] 新着情報 dated; [pickup] ピックアップ; [carousel] banner images; [hub] icon cards 妊娠・出産/子育て; [footer] 個人情報/著作権; [contact] コールセンター 089-946-4894,,
S0250,愛媛県,松山市,municipality,B,service,https://www.city.matsuyama.ehime.jp/kurashi/fukushi/jido/jidouteate.html,2026-02-14T23:03:00+09:00,200,https://www.city.matsuyama.ehime.jp/kurashi/fukushi/jido/jidouteate.html,児童手当 松山市公式ホームページ,,,,true,true,true,horizontal,false,,true,true,false,,true,false,false,false,,true,false,,true,false,,true,true,false,,fair,medium,medium,[skip] a#CONT; [brand] logo; [gnav] horizontal 5categories; [bread] トップ>くらし>福祉>児童福祉>児童手当; [local] sidebar 20+ links; [news] お知らせ 4items; [footer] 個人情報/著作権; [contact] 子育て支援課 089-948-6354; [meta] 更新日:2026年1月7日; [toc] 目次 5sections,,
S0250,愛媛県,松山市,municipality,B,hub,https://www.city.matsuyama.ehime.jp/kurashi/index.html,2026-02-14T23:04:00+09:00,200,https://www.city.matsuyama.ehime.jp/kurashi/index.html,くらしの情報 - 松山市,,,,true,true,true,horizontal,false,,true,true,false,,false,false,false,true,icon,true,false,,true,false,,false,false,false,,poor,medium,medium,[skip] a#CONT; [brand] logo; [gnav] horizontal; [bread] トップ>くらしの情報; [local] extensive sidebar sections; [hub] icon cards 手続/暮らし/医療; [footer] 個人情報/著作権; [contact] 089-946-4894,,
S0250,愛媛県,松山市,municipality,B,article,https://www.city.matsuyama.ehime.jp/shicho/kaiken/260210.html,2026-02-14T23:04:00+09:00,200,https://www.city.matsuyama.ehime.jp/shicho/kaiken/260210.html,令和8年2月10日 記者会見 - 松山市,,,,true,true,true,horizontal,false,,true,true,false,,false,false,false,false,,true,false,,true,false,,true,false,true,pdf,fair,medium,medium,[skip] a#CONT; [brand] logo; [gnav] horizontal; [bread] トップ>市長の部屋>記者会見; [local] sidebar 40+ entries; [footer] 個人情報/著作権; [contact] 秘書課 〒790-8571; [meta] 更新日:2026年2月12日; [attach] PDF 報道資料,,
S0252,愛媛県,今治市,municipality,C,top,https://www.city.imabari.ehime.jp/,2026-02-14T23:07:00+09:00,200,https://www.city.imabari.ehime.jp/,今治市,,,,false,true,true,horizontal,true,header,false,false,false,,false,true,true,false,,false,false,,false,false,,false,false,false,,poor,medium,low,[brand] logo 今治市; [gnav] horizontal くらし/イベント/観光/市長; [search] サイト内検索; [pickup] 注目ワード 12topics; [carousel] image slider 5slides,,
S0252,愛媛県,今治市,municipality,C,service,https://www.city.imabari.ehime.jp/kodomo/fukusi/jidouteate/,2026-02-14T23:07:00+09:00,200,https://www.city.imabari.ehime.jp/kodomo/fukusi/jidouteate/,児童手当（旧子ども手当） | こども未来課 | 今治市,,,,true,true,true,horizontal,true,header,true,false,false,,false,false,false,false,,false,false,,true,false,,false,false,true,pdf,good,low,low,[skip] a#main_container 本文へ移動; [brand] logo; [gnav] horizontal 6items; [search] サイト内検索; [bread] トップ|こども未来課|児童手当; [contact] こども未来課 0898-36-1529; [attach] PDF 認定請求書/額改定請求書,,
S0265,福岡県,福岡市,designated_city,A,top,https://www.city.fukuoka.lg.jp/,2026-02-14T23:15:00+09:00,200,https://www.city.fukuoka.lg.jp/,福岡市ホームページ,ja,custom /data/open/mst/,,true,true,true,mega,true,header,false,false,true,banner,true,true,true,true,icon,true,true,/sub/accessibility.html,true,false,,false,false,false,,good,medium,low,[skip] a#maincontents 本文へジャンプ; [brand] 福岡市logo; [gnav] mega くらし・手続き/子育て・教育/健康・医療; [search] Google Custom Search; [emergency] banner 水不足; [news] お知らせ一覧; [pickup] 重要なお知らせ; [carousel] auto-scroll hero; [hub] icon こんなときは? cards; [footer] 個人情報/著作権/リンク; [a11y] /sub/accessibility.html; [contact] 092-711-4111,,
S0265,福岡県,福岡市,designated_city,A,contact,https://www.city.fukuoka.lg.jp/soudan/index.html,2026-02-14T23:15:00+09:00,200,https://www.city.fukuoka.lg.jp/soudan/index.html,福岡市 相談窓口ガイドトップページ,ja,custom /data/open/mst/,,true,true,true,mega,true,header,true,false,false,,false,false,false,true,icon,true,true,/sub/accessibility.html,true,false,,true,false,false,,fair,low,low,[skip] a#maincontents 本文へジャンプ; [brand] 福岡市logo; [gnav] mega; [search] Google Custom; [bread] ホーム>くらし・手続き>相談・消費生活>相談窓口ガイド; [hub] icon 18 consultation category cards; [footer] 個人情報/アクセシビリティ; [a11y] /sub/accessibility.html; [contact] 092-711-4067 広聴課; [meta] 更新日:2025年4月1日,,
S0265,福岡県,福岡市,designated_city,A,service,https://www.city.fukuoka.lg.jp/kodomo-mirai/k-katei/child/kodomoteate.html,2026-02-14T23:20:00+09:00,200,https://www.city.fukuoka.lg.jp/kodomo-mirai/k-katei/child/kodomoteate.html,福岡市 児童手当について,ja,custom /data/open/mst/,,true,true,true,mega,true,header,true,true,false,,true,true,false,false,,true,true,/sub/accessibility.html,true,false,,true,true,true,pdf,fair,medium,low,[skip] a#maincontents; [brand] logo; [gnav] mega; [search] Google Custom; [bread] ホーム>子育て・教育>児童手当; [local] sidebar related links; [news] お知らせ dates; [pickup] 新制度について; [footer] policies; [a11y] /sub/accessibility.html; [contact] 092-711-5484; [meta] 更新日:2025年3月25日; [toc] 目次ジャンプ; [attach] PDF en/cn/kr guides,,
S0265,福岡県,福岡市,designated_city,A,article,https://www.city.fukuoka.lg.jp/kyoiku/kikaku/ed/166.html,2026-02-14T23:20:00+09:00,404,,,,,,false,false,false,,false,,false,false,false,,false,false,false,false,,false,false,,false,false,,false,false,false,,,,,HTTP 404 - page not found,,
S0272,鹿児島県,鹿児島市,municipality,B,top,https://www.city.kagoshima.lg.jp/,2026-02-14T23:25:00+09:00,200,https://www.city.kagoshima.lg.jp/,鹿児島市ホームページ,ja,custom ReadSpeaker,,true,true,true,horizontal,true,header,false,false,false,,true,true,true,true,icon,true,true,/soumu/shichoshitu/kouhou/shise/koho/homepage/accessibility.html,true,false,,false,false,false,,fair,medium,low,[skip] #tmp_honbun 本文へスキップ; [brand] 鹿児島市マグマシティ; [gnav] horizontal 7cats; [search] キーワードで探す; [news] 新着情報 dates; [pickup] ピックアップ; [carousel] image blocks; [hub] icon cards; [footer] 個人情報/著作権/a11y; [a11y] ウェブアクセシビリティ方針; [contact] 099-224-1111 〒892-8677,,
S0272,鹿児島県,鹿児島市,municipality,B,contact,https://www.city.kagoshima.lg.jp/soumu/soumu/jousys/soshiki/iken.html,2026-02-14T23:25:00+09:00,200,https://www.city.kagoshima.lg.jp/soumu/soumu/jousys/soshiki/iken.html,ご意見・お問い合わせ｜鹿児島市,ja,custom ReadSpeaker,,true,true,true,horizontal,true,header,true,false,false,,false,false,false,false,,true,true,/soumu/shichoshitu/kouhou/shise/koho/homepage/accessibility.html,true,false,,true,false,false,,fair,medium,low,[skip] #tmp_honbun; [brand] logo; [gnav] horizontal 7cats; [search] header; [bread] ホーム>組織案内>ご意見; [footer] policies; [a11y] ウェブアクセシビリティ方針; [contact] 099-224-1111/099-808-3333; [meta] 更新日:2023年5月1日,,
S0272,鹿児島県,鹿児島市,municipality,B,service,https://www.city.kagoshima.lg.jp/faq-kosodate-kyoiku/kodomofuku/q31.html,2026-02-14T23:25:00+09:00,200,https://www.city.kagoshima.lg.jp/faq-kosodate-kyoiku/kodomofuku/q31.html,児童手当について教えてください。｜鹿児島市,ja,custom ReadSpeaker,,true,true,true,horizontal,true,header,true,false,false,,false,false,false,false,,true,true,/soumu/shichoshitu/kouhou/shise/koho/homepage/accessibility.html,true,false,,true,false,false,,fair,low,low,[skip] #tmp_honbun; [brand] logo; [gnav] horizontal; [search] header; [bread] ホーム>よくある質問>手当・助成; [footer] policies; [a11y] ウェブアクセシビリティ方針; [contact] 099-216-1261; [meta] 更新日:2025年3月7日,,
S0272,鹿児島県,鹿児島市,municipality,B,hub,https://www.city.kagoshima.lg.jp/kosodate/kosodate/teate/index.html,2026-02-14T23:25:00+09:00,200,https://www.city.kagoshima.lg.jp/kosodate/kosodate/teate/index.html,子育て支援の手当・助成｜鹿児島市,ja,custom ReadSpeaker,,true,true,true,horizontal,true,header,true,true,false,,false,false,false,false,,true,true,/soumu/shichoshitu/kouhou/shise/koho/homepage/accessibility.html,true,false,,false,false,false,,poor,medium,low,[skip] #tmp_honbun; [brand] logo; [gnav] horizontal; [search] header; [bread] ホーム>子育て・教育>手当・助成; [local] sidebar 9 kosodate categories; [footer] policies; [a11y] ウェブアクセシビリティ方針; [contact] 099-224-1111,,
S0272,鹿児島県,鹿児島市,municipality,B,article,https://www.city.kagoshima.lg.jp/senkyokanri/senkyokanri/konzatujyoukyou.html,2026-02-14T23:25:00+09:00,200,https://www.city.kagoshima.lg.jp/senkyokanri/senkyokanri/konzatujyoukyou.html,期日前投票所ごとの混雑状況｜鹿児島市,ja,custom ReadSpeaker,,true,true,true,horizontal,true,header,true,true,false,,false,false,false,false,,true,true,/soumu/shichoshitu/kouhou/shise/koho/homepage/accessibility.html,true,false,,true,false,false,,poor,medium,low,[skip] #tmp_honbun; [brand] logo; [gnav] horizontal; [search] header; [bread] ホーム>市政情報>選挙; [local] sidebar 選挙 section; [footer] policies; [a11y] ウェブアクセシビリティ方針; [contact] 選挙管理委員会; [meta] 更新日:2026年2月8日,,
S0274,佐賀県,佐賀市,municipality,C,top,https://www.city.saga.lg.jp/,2026-02-14T23:30:00+09:00,200,https://www.city.saga.lg.jp/,佐賀市公式ホームページ,ja,custom ./main/ID,,true,true,true,mega,true,header,false,false,false,,true,true,true,true,icon,true,true,/main/19623.html,true,false,,false,false,false,,fair,medium,low,[skip] #main_content 本文へ移動; [brand] 佐賀市公式ホームページ logo; [gnav] mega 9cats; [search] header; [news] 新着情報 dated entries; [pickup] featured banners; [carousel] image slideshow; [hub] icon life stage+purpose cards; [footer] ホームページの考え方/a11y; [a11y] ウェブアクセシビリティ; [contact] 0952-24-3151 〒840-8501,,
S0274,佐賀県,佐賀市,municipality,C,contact,https://www.city.saga.lg.jp/main/55234.html,2026-02-14T23:30:00+09:00,200,https://www.city.saga.lg.jp/main/55234.html,福祉まるごと相談窓口｜佐賀市公式ホームページ,ja,custom ./main/ID,,true,true,true,mega,true,header,true,true,false,,false,false,false,false,,true,true,/main/19623.html,true,false,,true,false,true,pdf,good,low,low,[skip] 本文へ移動; [brand] logo; [gnav] mega; [search] header; [bread] Home>健康・福祉>福祉一般; [local] sidebar 福祉一般; [footer] policies; [a11y] ウェブアクセシビリティ; [contact] こども家庭課/福祉総務課 phone; [meta] 更新:2025年04月1日; [attach] PDF leaflet 635KB,,
S0274,佐賀県,佐賀市,municipality,C,service,https://www.city.saga.lg.jp/main/3789.html,2026-02-14T23:30:00+09:00,200,https://www.city.saga.lg.jp/main/3789.html,児童手当制度｜佐賀市公式ホームページ,ja,custom ./main/ID,,true,true,true,mega,true,header,true,true,false,,false,false,false,false,,true,true,/main/19623.html,true,false,,true,true,true,pdf,fair,medium,low,[skip] 本文へ移動; [brand] logo; [gnav] mega; [search] header; [bread] 子育て・教育>手当・助成>児童手当; [local] sidebar related pages; [footer] policies; [a11y] ウェブアクセシビリティ; [contact] こども家庭課 0952-40-7252; [meta] 更新:2025年12月2日; [toc] 目次 anchor links; [attach] PDF 9files 認定請求書/委任状等,,
S0274,佐賀県,佐賀市,municipality,C,hub,https://www.city.saga.lg.jp/main/84805.html,2026-02-14T23:30:00+09:00,200,https://www.city.saga.lg.jp/main/84805.html,手当・助成｜佐賀市公式ホームページ,ja,custom ./main/ID,,true,true,true,mega,true,header,true,true,false,,false,false,false,true,text,true,true,/main/19623.html,true,false,,false,false,false,,fair,medium,low,[skip] 本文へ移動; [brand] logo; [gnav] mega; [search] header; [bread] 手当・助成; [local] 6 subsections; [hub] text card-style subsection links; [footer] policies; [a11y] ウェブアクセシビリティ; [contact] 〒840-8501,,
S0274,佐賀県,佐賀市,municipality,C,article,https://www.city.saga.lg.jp/main/100390.html,2026-02-14T23:35:00+09:00,200,https://www.city.saga.lg.jp/main/100390.html,令和8年2月定例記者会見｜佐賀市公式ホームページ,ja,custom ./main/ID,,true,true,true,mega,true,header,true,true,false,,false,false,false,false,,true,true,/main/19623.html,true,false,,true,false,false,,fair,low,low,[skip] 本文へ移動; [brand] logo; [gnav] mega; [search] header; [bread] トップ>市政情報>市長の部屋>記者会見; [local] year-based sidebar; [footer] policies; [a11y] ウェブアクセシビリティ; [contact] 広報課 0952-40-7021; [meta] 更新:2026年02月9日,,
S0286,沖縄県,沖縄市,municipality,C,top,https://www.city.okinawa.okinawa.jp/,2026-02-14T23:40:00+09:00,200,https://www.city.okinawa.okinawa.jp/,沖縄市役所公式ホームページ,ja,custom Madoguchi,,true,true,true,dropdown,true,header,false,false,false,,true,true,false,true,icon,true,false,,true,false,,false,false,false,,fair,medium,low,[skip] #tmp_honbun 本文へスキップ; [brand] 沖縄市 OKINAWA CITY; [gnav] dropdown 緊急情報/Foreign Language/検索/メニュー; [search] header サイト内検索; [news] 新着情報 filterable; [pickup] ピックアップ 6services; [hub] icon 8 category cards; [footer] サイトマップ/ホームページについて; [contact] 098-939-1212 〒904-8501,,
S0286,沖縄県,沖縄市,municipality,C,contact,https://www.city.okinawa.okinawa.jp/k003/otoiawase.html,2026-02-14T23:40:00+09:00,200,https://www.city.okinawa.okinawa.jp/k003/otoiawase.html,市政へのお問い合わせメール｜沖縄市役所,ja,custom,,true,true,true,dropdown,true,header,true,false,false,,false,false,false,false,,true,false,,true,true,,true,false,false,,fair,low,low,[skip] #tmp_honbun; [brand] logo; [gnav] dropdown; [search] header; [bread] トップ>市政へのお問い合わせメール; [footer] サイトマップ/ホームページについて; [contact] 098-939-1212 footer; [form] inquiry form with org directory; [meta] 更新日:2022年10月21日,,
S0286,沖縄県,沖縄市,municipality,C,service,https://www.city.okinawa.okinawa.jp/k028/kosodate/kosodateshien/jidouteate/p00001.html,2026-02-14T23:40:00+09:00,200,https://www.city.okinawa.okinawa.jp/k028/kosodate/kosodateshien/jidouteate/p00001.html,児童手当制度のご案内｜沖縄市役所,ja,custom,,true,true,true,dropdown,true,header,true,true,false,,false,false,false,false,,true,false,,true,false,,true,true,true,xls,good,low,low,[skip] #tmp_honbun; [brand] logo; [gnav] dropdown; [search] header; [bread] トップ>子育て>児童手当; [local] category sidebar; [footer] policies; [contact] こども家庭課 098-939-1212 ext3194; [meta] 更新日:2026年2月10日; [toc] sections 1-7; [attach] xlsx forms,,
S0286,沖縄県,沖縄市,municipality,C,hub,https://www.city.okinawa.okinawa.jp/kosodate/kosodateshien/jidouteate/index.html,2026-02-14T23:40:00+09:00,200,https://www.city.okinawa.okinawa.jp/kosodate/kosodateshien/jidouteate/index.html,児童手当｜沖縄市役所,ja,custom,,true,true,true,dropdown,true,header,true,true,false,,false,false,false,false,,true,false,,true,false,,false,false,false,,fair,medium,medium,[skip] #tmp_honbun; [brand] logo; [gnav] dropdown; [search] header; [bread] トップ>子育て>児童手当; [local] 同カテゴリから探す sidebar; [footer] utility links; [contact] 098-939-1212 footer,,
S0298,鹿児島県,奄美市,municipality,D,top,https://www.city.amami.lg.jp/,2026-02-14T23:45:00+09:00,200,https://www.city.amami.lg.jp/,鹿児島県奄美市公式ホームページ,ja,custom,,true,true,true,horizontal,true,header,false,false,false,,true,true,true,true,icon,true,true,/kikaku/shise/koho/homepage/accessibility.html,true,false,,false,false,false,,fair,medium,low,[skip] #tmp_honbun 本文へスキップ; [brand] 鹿児島県奄美市; [gnav] horizontal 6cats; [search] header icon; [news] 新着情報 7entries; [pickup] 注目情報 7items; [carousel] 6panel slider; [hub] icon cards 市民向け/観光/移住; [footer] サイトマップ/a11y方針; [a11y] アクセシビリティの方針; [contact] 0997-52-1111,,
S0298,鹿児島県,奄美市,municipality,D,contact,https://www.city.amami.lg.jp/kikaku/shise/koho/soudan.html,2026-02-14T23:45:00+09:00,200,https://www.city.amami.lg.jp/kikaku/shise/koho/soudan.html,各種相談窓口／鹿児島県奄美市,ja,custom,,true,true,true,horizontal,true,header,true,true,false,,false,false,false,false,,true,true,/kikaku/shise/koho/homepage/accessibility.html,true,false,,true,false,false,,good,low,low,[skip] #tmp_honbun; [brand] logo; [gnav] horizontal 6cats; [search] header; [bread] 総合トップ>市政情報>広報・広聴>相談窓口; [local] 15-item 広報・広聴 sidebar; [footer] policies; [a11y] アクセシビリティの方針; [contact] 企画調整課 phone/fax; [meta] 更新日:2024年3月21日,,
S0298,鹿児島県,奄美市,municipality,D,service,https://www.city.amami.lg.jp/fukushi/20150219-3.html,2026-02-14T23:45:00+09:00,200,https://www.city.amami.lg.jp/fukushi/20150219-3.html,児童手当／鹿児島県奄美市,ja,custom,,true,true,true,horizontal,true,header,true,true,false,,false,false,false,false,,true,true,/kikaku/shise/koho/homepage/accessibility.html,true,false,,true,true,true,mixed,good,low,low,[skip] #tmp_honbun; [brand] logo; [gnav] horizontal; [search] header; [bread] 総合トップ>まち・くらし>子育て>児童手当; [local] 11 subsection links; [footer] policies; [a11y] アクセシビリティの方針; [contact] 3offices phone/fax; [meta] 更新日:2025年6月3日; [toc] section navigation; [attach] mixed PDF+XLSX 9files,,
S0298,鹿児島県,奄美市,municipality,D,hub,https://www.city.amami.lg.jp/wpm/kodomokosodate.html,2026-02-14T23:50:00+09:00,200,https://www.city.amami.lg.jp/wpm/kodomokosodate.html,子ども子育て支援／鹿児島県奄美市,ja,custom,,true,true,true,horizontal,true,header,true,true,false,,false,true,false,true,text,true,true,/kikaku/shise/koho/homepage/accessibility.html,true,false,,true,true,true,mixed,fair,low,low,[skip] #tmp_honbun; [brand] logo; [gnav] horizontal; [search] header; [bread] 総合トップ>まち・くらし>子育て>官民連携; [local] sidebar 官民連携; [pickup] 募集期間延長 callouts; [hub] text 3 subsidy program cards; [footer] policies; [a11y] アクセシビリティの方針; [contact] 保健福祉部 phone; [meta] 更新日:2026年1月6日; [toc] anchor #PR/#NEW/#WS; [attach] mixed PDF/Word,,
